Crime_ID Cr,ime_Type,Location,Date,Time,Victim_Age,uspect_Ag,eapon_Use,Latitude,Longitude
1001,Burglary,Shenzhen,2024-01-01,00:00,63,30,Unknown,27.4908,103.7027
1002,Fraud,Wuhan,2024-01-01,00:01,47,59,Unknown,39.01429,110.838
1003,Burglary,Beijing,2024-01-01,00:02,57,20,Unknown,34.63988,117.4589
1004,Assault,Chongqing,2024-01-02,00:04,35,26,Knife,31.97317,114.6445
1005,Assault,Shenzhen,2024-01-02,00:05,68,29,None,23.12037,116.1312
1006,Theft,Guangzhou,2024-01-02,00:07,65,40,Gun,23.11989,113.1757
1007,Vandalism,Shenzhen,2024-01-03,00:08,19,31,Knife,21.16167,113.8455
1008,Burglary,Chongqing,2024-01-03,00:10,49,50,Knife,37.32352,116.9839
1009,Theft,Chongqing,2024-01-03,00:11,25,35,None,32.0223,104.9934
1010,Vandalism,Chongqing,2024-01-04,00:12,39,66,Bat,34.16145,109.7885
1011,Burglary,Guangzhou,2024-01-04,00:14,23,58,Knife,20.41169,104.4242
1012,Fraud,Shanghai,2024-01-05,00:15,29,26,Bat,39.3982,119.7534
1013,Burglary,Wuhan,2024-01-05,00:17,64,40,Bat,36.64885,118.8812
1014,Assault,Beijing,2024-01-05,00:18,57,27,Unknown,24.24678,100.7885
1015,Assault,Shenzhen,2024-01-06,00:20,53,36,None,23.6365,114.1115
1016,Fraud,Guangzhou,2024-01-06,00:21,32,64,Bat,23.66809,118.505
1017,Theft,Chengdu,2024-01-06,00:23,45,22,None,26.08484,103.6115
1018,Vandalism,Beijing,2024-01-07,00:24,69,64,Unknown,30.49513,111.3589
1019,Burglary,Shanghai,2024-01-07,00:25,66,69,None,28.6389,118.3098
1020,Assault,Guangzhou,2024-01-07,00:27,62,40,Knife,25.82458,100.6789
1021,Theft,Xi'an,2024-01-08,00:28,35,47,Bat,32.23706,113.9484
1022,Fraud,Xi'an,2024-01-08,00:30,19,42,None,22.78988,105.947
1023,Assault,Wuhan,2024-01-09,00:31,30,45,Gun,25.84289,118.4879
1024,Fraud,Wuhan,2024-01-09,00:33,62,51,None,27.32724,119.4212
1025,Burglary,Shanghai,2024-01-09,00:34,32,62,Bat,29.1214,118.8853
1026,Vandalism,Shanghai,2024-01-10,00:36,37,65,Unknown,35.70352,109.4843
1027,Assault,Wuhan,2024-01-10,00:37,46,64,Unknown,23.99348,117.2409
1028,Assault,Shenzhen,2024-01-10,00:38,59,42,Bat,30.28469,116.891
1029,Burglary,Shenzhen,2024-01-11,00:40,46,27,Knife,31.84829,106.382
1030,Theft,Guangzhou,2024-01-11,00:41,20,31,Knife,20.92901,116.5783
1031,Vandalism,Chengdu,2024-01-11,00:43,36,59,Unknown,32.1509,100.7402
1032,Assault,Guangzhou,2024-01-12,00:44,20,63,Unknown,23.41048,111.9254
1033,Vandalism,Chengdu,2024-01-12,00:46,31,47,Bat,21.30103,104.6002
1034,Assault,Shanghai,2024-01-13,00:47,57,58,Knife,38.97771,102.4113
1035,Vandalism,Beijing,2024-01-13,00:48,21,42,Unknown,39.31264,101.5391
1036,Fraud,Guangzhou,2024-01-13,00:50,69,31,Knife,36.16795,113.9258
1037,Assault,Guangzhou,2024-01-14,00:51,28,52,Unknown,26.09228,106.7975
1038,Vandalism,Chengdu,2024-01-14,00:53,48,69,None,21.95344,114.4953
1039,Theft,Chongqing,2024-01-14,00:54,60,65,Gun,33.68466,101.3071
1040,Fraud,Shanghai,2024-01-15,00:56,49,51,None,28.80305,106.3058
1041,Fraud,Shanghai,2024-01-15,00:57,44,27,Unknown,22.44076,110.7898
1042,Theft,Xi'an,2024-01-15,00:59,47,52,Gun,29.90354,115.8145
1043,Vandalism,Chongqing,2024-01-16,01:00,60,28,Gun,20.68777,106.3751
1044,Burglary,Chengdu,2024-01-16,01:01,19,28,Unknown,38.18641,112.5178
1045,Theft,Shanghai,2024-01-17,01:03,66,38,Unknown,25.1756,117.7196
1046,Vandalism,Chongqing,2024-01-17,01:04,26,38,Knife,33.25045,112.3173
1047,Theft,Wuhan,2024-01-17,01:06,45,39,Unknown,26.23422,104.6592
1048,Theft,Chongqing,2024-01-18,01:07,48,62,Bat,30.40136,100.488
1049,Assault,Shenzhen,2024-01-18,01:09,51,24,Unknown,30.93421,117.402
1050,Vandalism,Xi'an,2024-01-18,01:10,32,34,Bat,23.69709,100.4254
1051,Burglary,Wuhan,2024-01-19,01:12,65,19,Unknown,39.39169,117.494
1052,Assault,Beijing,2024-01-19,01:13,42,29,Knife,35.50266,110.5787
1053,Theft,Guangzhou,2024-01-19,01:14,53,59,Bat,38.78998,118.7814
1054,Theft,Xi'an,2024-01-20,01:16,25,35,None,37.89655,115.9757
1055,Theft,Beijing,2024-01-20,01:17,26,28,Bat,31.958,119.9587
1056,Vandalism,Guangzhou,2024-01-21,01:19,54,33,Knife,38.43748,107.0142
1057,Vandalism,Shenzhen,2024-01-21,01:20,65,66,Bat,21.76985,115.3438
1058,Assault,Chongqing,2024-01-21,01:22,62,68,Unknown,23.91966,108.0386
1059,Burglary,Shanghai,2024-01-22,01:23,56,35,Unknown,20.90455,109.5975
1060,Assault,Wuhan,2024-01-22,01:24,49,52,Knife,26.50661,112.5501
1061,Fraud,Chengdu,2024-01-22,01:26,69,43,Gun,27.77355,117.4735
1062,Theft,Wuhan,2024-01-23,01:27,34,33,Unknown,25.42698,119.6817
1063,Theft,Shenzhen,2024-01-23,01:29,52,23,None,36.57475,115.3655
1064,Theft,Beijing,2024-01-24,01:30,54,61,Knife,27.13507,108.3553
1065,Assault,Chengdu,2024-01-24,01:32,36,60,Bat,25.61869,108.4271
1066,Assault,Shanghai,2024-01-24,01:33,61,64,Bat,30.85392,114.7516
1067,Theft,Shenzhen,2024-01-25,01:35,46,64,None,22.81848,104.7755
1068,Assault,Chengdu,2024-01-25,01:36,24,65,Unknown,36.04394,102.2095
1069,Vandalism,Shenzhen,2024-01-25,01:37,45,59,Knife,21.49101,107.0924
1070,Vandalism,Chongqing,2024-01-26,01:39,26,29,None,39.73774,105.7448
1071,Assault,Shenzhen,2024-01-26,01:40,45,30,Unknown,35.4449,105.9262
1072,Theft,Shanghai,2024-01-26,01:42,23,21,Knife,23.97431,104.6722
1073,Assault,Xi'an,2024-01-27,01:43,46,56,Bat,20.11044,100.8419
1074,Assault,Guangzhou,2024-01-27,01:45,34,19,Knife,36.30923,100.3575
1075,Assault,Chengdu,2024-01-28,01:46,33,43,Gun,34.13715,119.7544
1076,Fraud,Chongqing,2024-01-28,01:48,40,44,Knife,34.58014,108.5555
1077,Vandalism,Shanghai,2024-01-28,01:49,48,44,Gun,35.42541,107.6865
1078,Burglary,Shenzhen,2024-01-29,01:50,20,32,Knife,21.48089,113.5929
1079,Burglary,Chongqing,2024-01-29,01:52,38,25,Gun,27.16931,104.3651
1080,Fraud,Shanghai,2024-01-29,01:53,43,24,Bat,22.31738,118.9992
1081,Assault,Xi'an,2024-01-30,01:55,53,64,Unknown,37.26207,115.7269
1082,Fraud,Chongqing,2024-01-30,01:56,59,63,Gun,32.46596,101.7882
1083,Fraud,Chongqing,2024-01-30,01:58,54,57,Gun,26.61796,108.3516
1084,Theft,Guangzhou,2024-01-31,01:59,39,29,Bat,21.27117,117.5824
1085,Vandalism,Wuhan,2024-01-31,02:00,59,30,Gun,26.21965,118.8946
1086,Burglary,Chengdu,2024-02-01,02:02,29,60,None,26.50367,109.348
1087,Assault,Guangzhou,2024-02-01,02:03,59,34,Bat,34.59212,112.2682
1088,Burglary,Beijing,2024-02-01,02:05,30,34,None,32.75115,103.3407
1089,Burglary,Chengdu,2024-02-02,02:06,28,53,Bat,37.74425,119.8234
1090,Vandalism,Guangzhou,2024-02-02,02:08,33,38,Gun,29.4443,104.6334
1091,Burglary,Shenzhen,2024-02-02,02:09,25,25,None,22.39188,118.8546
1092,Burglary,Chengdu,2024-02-03,02:11,57,22,Gun,34.2649,112.9929
1093,Fraud,Chengdu,2024-02-03,02:12,57,43,Bat,35.2157,112.1547
1094,Vandalism,Shanghai,2024-02-03,02:13,62,33,Gun,31.22554,110.2538
1095,Theft,Shenzhen,2024-02-04,02:15,19,53,None,35.41934,104.6134
1096,Assault,Beijing,2024-02-04,02:16,47,45,None,29.87591,103.5306
1097,Burglary,Wuhan,2024-02-05,02:18,47,46,Gun,30.45466,104.4097
1098,Assault,Chongqing,2024-02-05,02:19,29,64,Knife,28.55082,103.7288
1099,Theft,Xi'an,2024-02-05,02:21,27,29,Bat,20.50838,115.5917
1100,Assault,Guangzhou,2024-02-06,02:22,61,54,Bat,22.15783,107.0025
1101,Theft,Shanghai,2024-02-06,02:24,28,47,Gun,20.62858,101.1569
1102,Fraud,Guangzhou,2024-02-06,02:25,32,40,Knife,32.72821,119.3821
1103,Burglary,Beijing,2024-02-07,02:26,33,33,None,26.28712,117.6757
1104,Theft,Chongqing,2024-02-07,02:28,34,31,Unknown,30.17141,118.555
1105,Assault,Beijing,2024-02-07,02:29,43,27,Unknown,38.15133,119.8982
1106,Burglary,Chengdu,2024-02-08,02:31,19,24,Gun,24.98584,103.4779
1107,Fraud,Xi'an,2024-02-08,02:32,67,62,Knife,28.20766,107.9248
1108,Burglary,Beijing,2024-02-09,02:34,29,69,Knife,35.11102,115.1648
1109,Theft,Guangzhou,2024-02-09,02:35,68,54,Bat,24.57596,113.9204
1110,Fraud,Shenzhen,2024-02-09,02:37,43,46,None,21.5396,103.0779
1111,Assault,Shenzhen,2024-02-10,02:38,40,20,Knife,25.79503,116.3167
1112,Fraud,Chengdu,2024-02-10,02:39,35,32,Unknown,23.22443,104.4888
1113,Fraud,Wuhan,2024-02-10,02:41,49,53,None,38.59395,104.4764
1114,Vandalism,Guangzhou,2024-02-11,02:42,66,64,None,36.16241,110.7395
1115,Fraud,Guangzhou,2024-02-11,02:44,55,63,Gun,32.66808,111.8588
1116,Fraud,Beijing,2024-02-12,02:45,64,69,Knife,37.42921,111.6017
1117,Burglary,Xi'an,2024-02-12,02:47,20,36,Gun,36.07344,101.8297
1118,Assault,Guangzhou,2024-02-12,02:48,55,30,Knife,23.7314,117.5492
1119,Burglary,Shanghai,2024-02-13,02:49,20,59,Bat,37.85118,105.312
1120,Burglary,Wuhan,2024-02-13,02:51,47,38,Gun,30.78684,102.5903
1121,Theft,Beijing,2024-02-13,02:52,18,54,Gun,36.1488,117.775
1122,Burglary,Shanghai,2024-02-14,02:54,47,44,Unknown,37.92183,119.113
1123,Vandalism,Chengdu,2024-02-14,02:55,62,69,Gun,26.36007,117.2426
1124,Vandalism,Shenzhen,2024-02-14,02:57,49,46,Knife,22.20104,116.1903
1125,Theft,Chengdu,2024-02-15,02:58,45,37,Unknown,24.5587,113.1048
1126,Assault,Shenzhen,2024-02-15,03:00,38,42,Gun,28.54216,111.0171
1127,Assault,Chengdu,2024-02-16,03:01,63,23,Gun,36.3603,101.7397
1128,Burglary,Guangzhou,2024-02-16,03:02,30,53,Bat,37.21461,108.1691
1129,Burglary,Shanghai,2024-02-16,03:04,44,19,Gun,20.13904,107.4538
1130,Burglary,Shenzhen,2024-02-17,03:05,53,39,None,30.21495,105.1951
1131,Assault,Beijing,2024-02-17,03:07,24,49,Unknown,28.34822,114.4684
1132,Fraud,Shanghai,2024-02-17,03:08,39,33,None,24.44216,109.9175
1133,Vandalism,Beijing,2024-02-18,03:10,27,35,Unknown,22.39731,101.6209
1134,Fraud,Shanghai,2024-02-18,03:11,56,22,Bat,26.7523,104.4037
1135,Fraud,Shanghai,2024-02-18,03:13,32,53,Gun,38.85819,113.6652
1136,Assault,Chengdu,2024-02-19,03:14,32,47,Gun,26.46406,101.5226
1137,Fraud,Shenzhen,2024-02-19,03:15,21,62,Gun,30.37581,117.0241
1138,Theft,Shenzhen,2024-02-20,03:17,49,36,Unknown,34.06038,109.9029
1139,Burglary,Xi'an,2024-02-20,03:18,40,40,Gun,27.27259,109.6117
1140,Theft,Shanghai,2024-02-20,03:20,23,51,None,39.43564,111.8482
1141,Vandalism,Guangzhou,2024-02-21,03:21,41,30,Gun,39.24895,116.4936
1142,Burglary,Guangzhou,2024-02-21,03:23,37,60,Bat,25.03565,106.9562
1143,Fraud,Beijing,2024-02-21,03:24,54,46,None,29.94497,113.5603
1144,Vandalism,Beijing,2024-02-22,03:25,37,53,Gun,26.01757,111.3146
1145,Burglary,Chengdu,2024-02-22,03:27,29,39,Gun,25.69681,105.3406
1146,Fraud,Shanghai,2024-02-22,03:28,50,69,Knife,20.73774,117.5726
1147,Theft,Beijing,2024-02-23,03:30,45,69,Unknown,32.19129,115.9485
1148,Burglary,Beijing,2024-02-23,03:31,25,64,None,30.05358,113.169
1149,Fraud,Wuhan,2024-02-24,03:33,18,53,Knife,21.02958,117.0116
1150,Theft,Shanghai,2024-02-24,03:34,54,26,Bat,25.57293,117.3459
1151,Vandalism,Chongqing,2024-02-24,03:36,39,56,Unknown,38.16532,114.1673
1152,Vandalism,Chengdu,2024-02-25,03:37,23,68,None,24.79124,116.7403
1153,Vandalism,Beijing,2024-02-25,03:38,38,36,Gun,22.8979,113.9494
1154,Vandalism,Chengdu,2024-02-25,03:40,49,55,None,29.78906,113.6028
1155,Assault,Shenzhen,2024-02-26,03:41,52,23,Gun,39.71301,112.3722
1156,Burglary,Chengdu,2024-02-26,03:43,32,69,Unknown,24.84111,115.0543
1157,Burglary,Chongqing,2024-02-26,03:44,22,64,Gun,33.44271,103.1721
1158,Assault,Guangzhou,2024-02-27,03:46,63,32,Bat,35.23239,117.6174
1159,Fraud,Chongqing,2024-02-27,03:47,67,37,Gun,24.75275,117.4369
1160,Fraud,Guangzhou,2024-02-28,03:49,65,26,Bat,34.56433,100.5849
1161,Vandalism,Chengdu,2024-02-28,03:50,23,49,Unknown,27.35566,116.5163
1162,Theft,Guangzhou,2024-02-28,03:51,42,21,Unknown,32.64612,102.5774
1163,Fraud,Shenzhen,2024-02-29,03:53,63,67,None,32.67059,106.7024
1164,Theft,Shanghai,2024-02-29,03:54,57,35,Bat,30.71549,114.8702
1165,Burglary,Guangzhou,2024-02-29,03:56,46,22,Bat,21.8058,103.2152
1166,Theft,Guangzhou,2024-03-01,03:57,24,37,Knife,36.70605,116.3593
1167,Burglary,Chengdu,2024-03-01,03:59,57,40,Knife,26.4156,116.6427
1168,Assault,Shenzhen,2024-03-02,04:00,30,28,Knife,23.73037,110.1494
1169,Assault,Xi'an,2024-03-02,04:01,55,54,Gun,20.8155,100.1277
1170,Vandalism,Xi'an,2024-03-02,04:03,35,39,Knife,31.81786,105.7408
1171,Fraud,Xi'an,2024-03-03,04:04,19,21,Bat,33.55129,112.3385
1172,Vandalism,Xi'an,2024-03-03,04:06,25,46,Gun,20.33176,119.6237
1173,Burglary,Shanghai,2024-03-03,04:07,28,61,Unknown,30.24186,112.6363
1174,Vandalism,Chongqing,2024-03-04,04:09,50,51,None,24.52992,105.1961
1175,Theft,Chengdu,2024-03-04,04:10,55,30,Knife,32.90346,112.6801
1176,Burglary,Chengdu,2024-03-04,04:12,65,59,Unknown,23.48733,110.7997
1177,Assault,Wuhan,2024-03-05,04:13,44,26,Bat,33.81875,115.5969
1178,Fraud,Shenzhen,2024-03-05,04:14,37,59,None,27.73471,102.1396
1179,Burglary,Xi'an,2024-03-06,04:16,29,48,Unknown,38.7346,115.2206
1180,Burglary,Shanghai,2024-03-06,04:17,60,24,None,22.75042,110.8253
1181,Theft,Shenzhen,2024-03-06,04:19,48,21,Knife,26.82133,119.2598
1182,Fraud,Xi'an,2024-03-07,04:20,44,36,Bat,22.26947,106.8374
1183,Assault,Shanghai,2024-03-07,04:22,49,59,None,38.49387,112.6524
1184,Burglary,Shenzhen,2024-03-07,04:23,27,47,Unknown,37.54679,118.6406
1185,Burglary,Chengdu,2024-03-08,04:25,20,48,Knife,25.15883,102.0502
1186,Theft,Chengdu,2024-03-08,04:26,62,52,Knife,33.19968,118.7446
1187,Vandalism,Chongqing,2024-03-08,04:27,44,38,Unknown,36.34444,113.7577
1188,Assault,Beijing,2024-03-09,04:29,52,48,Unknown,31.10402,101.3567
1189,Fraud,Chongqing,2024-03-09,04:30,48,36,None,30.59301,106.0193
1190,Burglary,Guangzhou,2024-03-10,04:32,32,48,Gun,24.83705,114.1634
1191,Burglary,Chongqing,2024-03-10,04:33,33,49,Knife,21.86206,101.347
1192,Assault,Xi'an,2024-03-10,04:35,30,19,None,37.94432,111.6434
1193,Vandalism,Wuhan,2024-03-11,04:36,66,69,Unknown,38.00836,106.9177
1194,Burglary,Shenzhen,2024-03-11,04:38,52,27,None,32.66203,112.4183
1195,Assault,Wuhan,2024-03-11,04:39,69,19,Unknown,26.7806,100.9148
1196,Theft,Beijing,2024-03-12,04:40,28,19,Bat,26.98419,117.4307
1197,Vandalism,Guangzhou,2024-03-12,04:42,38,41,Unknown,34.51911,119.4698
1198,Fraud,Shenzhen,2024-03-12,04:43,68,34,Unknown,37.94221,119.3776
1199,Burglary,Shanghai,2024-03-13,04:45,28,49,Unknown,37.74173,114.993
1200,Assault,Xi'an,2024-03-13,04:46,47,33,Gun,35.59751,102.6017
1201,Theft,Guangzhou,2024-03-14,04:48,65,33,Unknown,32.84063,115.1653
1202,Fraud,Chengdu,2024-03-14,04:49,52,63,Knife,21.6828,100.4917
1203,Assault,Beijing,2024-03-14,04:50,39,56,Knife,23.23257,100.4425
1204,Assault,Guangzhou,2024-03-15,04:52,55,48,None,37.97108,106.4722
1205,Fraud,Xi'an,2024-03-15,04:53,48,60,Gun,32.12858,109.7729
1206,Theft,Chongqing,2024-03-15,04:55,31,41,None,20.18394,115.4081
1207,Theft,Guangzhou,2024-03-16,04:56,41,18,Knife,22.02943,113.6659
1208,Vandalism,Chongqing,2024-03-16,04:58,67,28,Knife,33.27004,108.9181
1209,Burglary,Xi'an,2024-03-16,04:59,66,38,Bat,20.10123,105.4725
1210,Fraud,Chengdu,2024-03-17,05:01,49,21,Unknown,23.21616,119.9425
1211,Fraud,Shenzhen,2024-03-17,05:02,53,24,Knife,30.97468,108.5236
1212,Fraud,Shanghai,2024-03-18,05:03,49,43,None,33.8379,109.0277
1213,Theft,Chengdu,2024-03-18,05:05,32,64,None,33.03923,103.2725
1214,Burglary,Chongqing,2024-03-18,05:06,60,67,Unknown,24.48539,115.8962
1215,Vandalism,Chongqing,2024-03-19,05:08,52,29,Unknown,34.24358,113.8736
1216,Assault,Shanghai,2024-03-19,05:09,20,48,Bat,24.74498,104.4154
1217,Assault,Shenzhen,2024-03-19,05:11,33,34,Gun,26.50799,101.6476
1218,Fraud,Guangzhou,2024-03-20,05:12,22,50,None,34.92983,113.61
1219,Burglary,Shanghai,2024-03-20,05:14,38,28,Unknown,32.99266,113.0902
1220,Theft,Beijing,2024-03-21,05:15,27,45,None,36.98447,105.4652
1221,Burglary,Beijing,2024-03-21,05:16,36,49,Unknown,33.15226,119.0173
1222,Burglary,Xi'an,2024-03-21,05:18,42,18,Knife,31.36617,103.0212
1223,Theft,Chengdu,2024-03-22,05:19,21,64,None,21.8735,108.6467
1224,Fraud,Chongqing,2024-03-22,05:21,46,45,Knife,27.35432,118.8723
1225,Burglary,Shenzhen,2024-03-22,05:22,36,59,None,25.30405,108.3945
1226,Assault,Xi'an,2024-03-23,05:24,60,24,Gun,24.87979,112.7705
1227,Theft,Chengdu,2024-03-23,05:25,19,19,Bat,39.46021,107.9519
1228,Vandalism,Chengdu,2024-03-23,05:26,27,59,Knife,27.86195,105.4843
1229,Fraud,Xi'an,2024-03-24,05:28,60,41,Unknown,37.84093,119.6796
1230,Theft,Wuhan,2024-03-24,05:29,42,21,Gun,32.62277,108.1867
1231,Vandalism,Chengdu,2024-03-25,05:31,37,61,None,35.89623,117.882
1232,Vandalism,Wuhan,2024-03-25,05:32,65,36,Knife,30.05274,104.5991
1233,Burglary,Beijing,2024-03-25,05:34,36,43,None,31.53808,104.2621
1234,Burglary,Beijing,2024-03-26,05:35,40,28,None,29.85035,100.6227
1235,Burglary,Chengdu,2024-03-26,05:37,41,57,None,23.90486,113.0333
1236,Theft,Beijing,2024-03-26,05:38,28,67,Bat,34.44904,107.3705
1237,Theft,Shenzhen,2024-03-27,05:39,63,60,Bat,25.61545,117.2872
1238,Fraud,Wuhan,2024-03-27,05:41,51,28,Unknown,20.48632,109.4642
1239,Burglary,Wuhan,2024-03-27,05:42,45,62,Knife,32.90945,119.3639
1240,Vandalism,Chengdu,2024-03-28,05:44,22,20,Gun,23.54221,103.7105
1241,Assault,Beijing,2024-03-28,05:45,22,29,Gun,38.80917,117.3725
1242,Fraud,Shanghai,2024-03-29,05:47,68,20,Gun,39.07857,115.5319
1243,Theft,Chongqing,2024-03-29,05:48,38,59,None,38.29729,115.4184
1244,Fraud,Xi'an,2024-03-29,05:50,29,44,Bat,27.40317,116.8957
1245,Fraud,Xi'an,2024-03-30,05:51,67,66,Knife,20.30913,115.2205
1246,Fraud,Wuhan,2024-03-30,05:52,21,19,None,38.56637,112.5244
1247,Fraud,Chengdu,2024-03-30,05:54,66,66,Bat,28.56368,102.6249
1248,Assault,Chengdu,2024-03-31,05:55,59,33,Bat,39.3331,100.6505
1249,Burglary,Shenzhen,2024-03-31,05:57,37,19,Knife,39.2724,118.417
1250,Vandalism,Guangzhou,2024-03-31,05:58,55,47,Knife,37.06019,112.333
1251,Fraud,Chongqing,2024-04-01,06:00,42,37,Knife,25.88898,115.9307
1252,Fraud,Guangzhou,2024-04-01,06:01,31,55,None,27.70195,109.6304
1253,Fraud,Wuhan,2024-04-02,06:02,28,45,Unknown,37.02273,102.3462
1254,Burglary,Xi'an,2024-04-02,06:04,49,42,Knife,26.33844,102.5037
1255,Theft,Shenzhen,2024-04-02,06:05,28,49,Unknown,23.38985,113.7113
1256,Theft,Shenzhen,2024-04-03,06:07,35,27,None,31.13603,108.6061
1257,Assault,Shenzhen,2024-04-03,06:08,44,59,Unknown,38.7231,104.0105
1258,Theft,Wuhan,2024-04-03,06:10,35,57,Gun,33.9206,109.8319
1259,Fraud,Guangzhou,2024-04-04,06:11,40,50,Unknown,31.40122,101.2842
1260,Fraud,Xi'an,2024-04-04,06:13,28,30,Knife,21.94353,111.6394
1261,Fraud,Shenzhen,2024-04-04,06:14,38,58,None,32.30014,105.3799
1262,Assault,Xi'an,2024-04-05,06:15,61,59,Knife,39.80108,115.9512
1263,Fraud,Beijing,2024-04-05,06:17,22,64,Gun,22.80168,106.2072
1264,Theft,Chengdu,2024-04-06,06:18,40,54,Knife,30.36659,109.1044
1265,Burglary,Chengdu,2024-04-06,06:20,58,33,Knife,37.54746,100.2324
1266,Burglary,Xi'an,2024-04-06,06:21,42,62,Knife,34.81537,101.4489
1267,Vandalism,Shanghai,2024-04-07,06:23,58,39,Bat,33.94031,107.8499
1268,Theft,Shanghai,2024-04-07,06:24,27,37,Gun,34.04968,109.5988
1269,Fraud,Wuhan,2024-04-07,06:26,39,67,Knife,27.18982,112.0004
1270,Burglary,Wuhan,2024-04-08,06:27,36,60,Knife,25.87184,105.8333
1271,Theft,Chengdu,2024-04-08,06:28,18,44,Knife,36.18722,113.8996
1272,Burglary,Beijing,2024-04-09,06:30,24,58,None,36.20227,117.2024
1273,Fraud,Chongqing,2024-04-09,06:31,21,33,Bat,37.34145,115.597
1274,Burglary,Guangzhou,2024-04-09,06:33,18,51,None,38.26481,100.7924
1275,Vandalism,Guangzhou,2024-04-10,06:34,32,49,Bat,30.22685,109.6101
1276,Vandalism,Wuhan,2024-04-10,06:36,57,43,Knife,30.03033,102.0986
1277,Burglary,Beijing,2024-04-10,06:37,29,42,Gun,35.9659,104.8409
1278,Theft,Wuhan,2024-04-11,06:39,39,19,Unknown,32.99928,119.7333
1279,Theft,Chongqing,2024-04-11,06:40,39,29,Unknown,34.03934,102.8499
1280,Theft,Guangzhou,2024-04-11,06:41,67,57,Knife,35.91585,109.9778
1281,Burglary,Xi'an,2024-04-12,06:43,64,26,None,37.80011,112.3631
1282,Theft,Wuhan,2024-04-12,06:44,34,29,Gun,26.7599,114.0493
1283,Fraud,Shenzhen,2024-04-13,06:46,46,43,Bat,27.51166,111.193
1284,Vandalism,Xi'an,2024-04-13,06:47,63,26,Knife,21.87964,100.1954
1285,Fraud,Chongqing,2024-04-13,06:49,31,27,Gun,31.5656,106.5292
1286,Theft,Chongqing,2024-04-14,06:50,67,49,Gun,20.71885,110.3542
1287,Fraud,Wuhan,2024-04-14,06:51,37,51,Bat,29.31196,101.7573
1288,Theft,Chengdu,2024-04-14,06:53,67,65,Gun,30.85289,107.0125
1289,Burglary,Wuhan,2024-04-15,06:54,65,37,None,25.73083,100.6641
1290,Fraud,Chengdu,2024-04-15,06:56,50,56,None,31.81667,101.5716
1291,Burglary,Chongqing,2024-04-15,06:57,60,19,None,20.61,107.9385
1292,Burglary,Beijing,2024-04-16,06:59,32,18,Gun,20.74696,102.6543
1293,Assault,Chongqing,2024-04-16,07:00,29,68,None,36.45201,111.3508
1294,Theft,Guangzhou,2024-04-17,07:02,57,53,Bat,27.20381,113.7893
1295,Vandalism,Xi'an,2024-04-17,07:03,37,41,Gun,22.54121,116.0117
1296,Theft,Xi'an,2024-04-17,07:04,47,44,Unknown,30.44487,104.003
1297,Vandalism,Shanghai,2024-04-18,07:06,55,19,Gun,35.39987,103.3497
1298,Theft,Shanghai,2024-04-18,07:07,20,48,Bat,24.31642,102.0914
1299,Burglary,Chongqing,2024-04-18,07:09,45,31,Unknown,32.45781,112.7286
1300,Fraud,Guangzhou,2024-04-19,07:10,43,19,Gun,21.70695,114.1295
1301,Fraud,Shanghai,2024-04-19,07:12,47,46,None,21.03363,100.6317
1302,Assault,Xi'an,2024-04-19,07:13,30,32,Knife,30.62709,118.7242
1303,Vandalism,Wuhan,2024-04-20,07:15,30,29,Knife,30.8127,101.0394
1304,Vandalism,Beijing,2024-04-20,07:16,19,54,None,32.7486,110.8259
1305,Vandalism,Beijing,2024-04-21,07:17,54,45,Knife,34.52183,114.1812
1306,Burglary,Guangzhou,2024-04-21,07:19,66,37,Knife,39.51704,117.4194
1307,Vandalism,Chongqing,2024-04-21,07:20,55,56,None,30.32601,114.2817
1308,Fraud,Shanghai,2024-04-22,07:22,19,41,None,26.45913,116.0346
1309,Burglary,Wuhan,2024-04-22,07:23,53,38,Gun,35.90372,106.789
1310,Theft,Beijing,2024-04-22,07:25,43,27,Gun,25.41665,116.2965
1311,Vandalism,Beijing,2024-04-23,07:26,28,63,None,28.77943,101.6023
1312,Vandalism,Shenzhen,2024-04-23,07:27,25,31,Bat,21.56913,117.8963
1313,Theft,Chongqing,2024-04-23,07:29,61,54,Knife,20.50701,110.9518
1314,Vandalism,Shenzhen,2024-04-24,07:30,57,35,Gun,39.25297,116.346
1315,Theft,Xi'an,2024-04-24,07:32,60,41,Knife,36.7196,109.0464
1316,Burglary,Beijing,2024-04-25,07:33,39,31,Unknown,33.91948,112.8716
1317,Fraud,Guangzhou,2024-04-25,07:35,37,51,None,28.17906,110.5281
1318,Theft,Chengdu,2024-04-25,07:36,25,29,Bat,23.46589,114.6318
1319,Assault,Chengdu,2024-04-26,07:38,46,39,Unknown,23.12874,101.6326
1320,Theft,Wuhan,2024-04-26,07:39,57,23,Unknown,25.00486,101.207
1321,Vandalism,Beijing,2024-04-26,07:40,43,53,Unknown,30.98453,104.9421
1322,Burglary,Beijing,2024-04-27,07:42,47,62,None,34.29192,103.1909
1323,Burglary,Xi'an,2024-04-27,07:43,34,53,Gun,33.20395,117.4357
1324,Theft,Beijing,2024-04-28,07:45,37,39,None,25.59868,104.3843
1325,Fraud,Guangzhou,2024-04-28,07:46,69,31,Gun,39.09731,119.5173
1326,Assault,Shenzhen,2024-04-28,07:48,33,33,Unknown,34.75794,106.7379
1327,Burglary,Beijing,2024-04-29,07:49,63,53,Unknown,31.08708,103.6424
1328,Vandalism,Beijing,2024-04-29,07:51,60,42,Bat,32.23441,115.794
1329,Vandalism,Xi'an,2024-04-29,07:52,24,49,Gun,28.392,113.1742
1330,Fraud,Chongqing,2024-04-30,07:53,33,50,Unknown,24.95462,109.9639
1331,Burglary,Shanghai,2024-04-30,07:55,62,62,Knife,27.11945,111.1073
1332,Theft,Chongqing,2024-04-30,07:56,64,53,Bat,35.15692,114.384
1333,Vandalism,Xi'an,2024-05-01,07:58,65,37,None,20.28787,104.5691
1334,Fraud,Chongqing,2024-05-01,07:59,44,35,Bat,22.32145,119.9267
1335,Burglary,Xi'an,2024-05-02,08:01,40,55,Knife,20.92005,119.4959
1336,Burglary,Guangzhou,2024-05-02,08:02,41,20,Gun,20.81458,113.0065
1337,Burglary,Wuhan,2024-05-02,08:03,26,40,None,37.10921,103.9908
1338,Burglary,Beijing,2024-05-03,08:05,52,49,None,34.07316,113.6046
1339,Burglary,Xi'an,2024-05-03,08:06,68,62,Gun,29.48348,101.444
1340,Vandalism,Xi'an,2024-05-03,08:08,37,33,Bat,21.95668,100.6131
1341,Fraud,Shanghai,2024-05-04,08:09,54,22,Unknown,29.83232,105.1537
1342,Burglary,Xi'an,2024-05-04,08:11,59,21,Bat,29.46944,109.2525
1343,Assault,Chengdu,2024-05-04,08:12,34,38,Knife,23.46404,117.3655
1344,Assault,Wuhan,2024-05-05,08:14,64,57,Unknown,28.67703,114.5434
1345,Fraud,Beijing,2024-05-05,08:15,48,68,Bat,27.97009,114.8541
1346,Theft,Beijing,2024-05-06,08:16,25,31,Gun,32.317,108.5099
1347,Theft,Shanghai,2024-05-06,08:18,32,56,Knife,32.70187,106.9187
1348,Theft,Guangzhou,2024-05-06,08:19,48,48,Knife,20.90608,107.4208
1349,Assault,Beijing,2024-05-07,08:21,47,31,Knife,27.49225,119.753
1350,Theft,Chengdu,2024-05-07,08:22,63,23,Unknown,32.5172,100.8022
1351,Vandalism,Beijing,2024-05-07,08:24,37,29,None,30.06273,117.3406
1352,Burglary,Chengdu,2024-05-08,08:25,56,33,Unknown,37.1298,111.5735
1353,Assault,Wuhan,2024-05-08,08:27,29,34,Bat,33.17387,108.7723
1354,Fraud,Wuhan,2024-05-08,08:28,66,62,None,23.25869,114.5052
1355,Fraud,Shenzhen,2024-05-09,08:29,34,40,Bat,21.41137,109.7334
1356,Burglary,Shenzhen,2024-05-09,08:31,59,31,None,32.84839,117.4685
1357,Assault,Chengdu,2024-05-10,08:32,47,24,Unknown,20.53023,118.014
1358,Theft,Guangzhou,2024-05-10,08:34,46,63,Knife,31.71551,108.4344
1359,Theft,Beijing,2024-05-10,08:35,36,49,Gun,38.8046,105.5366
1360,Vandalism,Xi'an,2024-05-11,08:37,63,32,Knife,31.50948,111.847
1361,Vandalism,Beijing,2024-05-11,08:38,28,61,Unknown,27.7634,118.2473
1362,Theft,Shenzhen,2024-05-11,08:39,51,34,None,32.86576,104.2132
1363,Fraud,Chongqing,2024-05-12,08:41,67,58,Knife,29.16506,112.4593
1364,Fraud,Xi'an,2024-05-12,08:42,24,64,Unknown,30.91234,112.6312
1365,Vandalism,Chengdu,2024-05-12,08:44,61,61,Bat,38.8293,114.6623
1366,Burglary,Xi'an,2024-05-13,08:45,51,51,Gun,27.72205,102.6314
1367,Theft,Chongqing,2024-05-13,08:47,37,22,Knife,39.22381,114.3165
1368,Vandalism,Beijing,2024-05-14,08:48,67,62,None,38.10701,118.1807
1369,Vandalism,Beijing,2024-05-14,08:50,55,44,Bat,23.91582,103.5937
1370,Theft,Guangzhou,2024-05-14,08:51,41,69,Unknown,21.38723,104.7509
1371,Theft,Shanghai,2024-05-15,08:52,27,40,Gun,22.01556,119.4279
1372,Fraud,Xi'an,2024-05-15,08:54,49,57,None,20.36444,103.6195
1373,Burglary,Shenzhen,2024-05-15,08:55,69,31,Unknown,21.88886,117.0877
1374,Burglary,Chongqing,2024-05-16,08:57,32,32,Unknown,33.66014,109.8456
1375,Theft,Chongqing,2024-05-16,08:58,54,60,Knife,21.42377,104.9446
1376,Assault,Chongqing,2024-05-17,09:00,37,50,Knife,26.37951,117.415
1377,Vandalism,Shenzhen,2024-05-17,09:01,20,48,None,36.89751,108.9061
1378,Vandalism,Shanghai,2024-05-17,09:03,54,52,Unknown,20.46544,110.2963
1379,Theft,Beijing,2024-05-18,09:04,57,34,Knife,36.28937,107.1847
1380,Assault,Guangzhou,2024-05-18,09:05,25,45,Gun,25.6371,111.859
1381,Fraud,Guangzhou,2024-05-18,09:07,57,36,Gun,22.3633,103.2705
1382,Theft,Shenzhen,2024-05-19,09:08,61,63,Unknown,33.93474,107.8216
1383,Theft,Guangzhou,2024-05-19,09:10,40,40,Knife,32.57886,119.3882
1384,Vandalism,Chongqing,2024-05-19,09:11,57,49,None,37.54944,105.1627
1385,Theft,Wuhan,2024-05-20,09:13,28,57,None,34.70142,113.1347
1386,Theft,Shanghai,2024-05-20,09:14,63,30,None,36.06962,106.5038
1387,Theft,Beijing,2024-05-21,09:16,25,37,Gun,25.64069,115.4695
1388,Vandalism,Wuhan,2024-05-21,09:17,46,52,Knife,23.54879,102.6175
1389,Fraud,Shanghai,2024-05-21,09:18,47,22,Knife,35.0123,119.3964
1390,Fraud,Chengdu,2024-05-22,09:20,27,26,Gun,36.13669,109.0758
1391,Theft,Xi'an,2024-05-22,09:21,56,46,None,39.8101,104.721
1392,Vandalism,Shenzhen,2024-05-22,09:23,45,23,None,28.25235,101.4699
1393,Fraud,Chongqing,2024-05-23,09:24,66,42,Unknown,27.44036,103.3952
1394,Fraud,Guangzhou,2024-05-23,09:26,53,48,Bat,35.52826,110.3955
1395,Fraud,Chengdu,2024-05-23,09:27,30,39,Knife,26.81607,106.7401
1396,Vandalism,Guangzhou,2024-05-24,09:28,49,19,Knife,38.61515,116.5777
1397,Vandalism,Wuhan,2024-05-24,09:30,53,62,Knife,37.16826,108.6178
1398,Theft,Beijing,2024-05-25,09:31,54,22,Bat,28.57988,104.9743
1399,Burglary,Beijing,2024-05-25,09:33,43,44,Unknown,35.01742,112.3429
1400,Fraud,Beijing,2024-05-25,09:34,39,42,Bat,35.09086,114.1355
1401,Burglary,Chongqing,2024-05-26,09:36,21,25,None,22.06248,103.3408
1402,Vandalism,Guangzhou,2024-05-26,09:37,48,18,None,38.05106,103.3524
1403,Vandalism,Chengdu,2024-05-26,09:39,35,37,Knife,30.10505,100.7334
1404,Vandalism,Beijing,2024-05-27,09:40,55,61,Gun,36.52915,114.728
1405,Burglary,Chengdu,2024-05-27,09:41,41,40,Knife,26.40099,113.2761
1406,Vandalism,Guangzhou,2024-05-27,09:43,40,49,Gun,37.91046,109.4926
1407,Theft,Chongqing,2024-05-28,09:44,39,28,Bat,27.78403,116.8834
1408,Vandalism,Wuhan,2024-05-28,09:46,19,56,None,20.21675,116.1134
1409,Assault,Chongqing,2024-05-29,09:47,48,64,Gun,38.10764,111.7071
1410,Burglary,Chengdu,2024-05-29,09:49,28,41,Bat,21.82573,117.3654
1411,Assault,Chongqing,2024-05-29,09:50,45,28,None,26.38627,104.1168
1412,Vandalism,Chongqing,2024-05-30,09:52,63,46,Gun,39.00124,102.2384
1413,Theft,Wuhan,2024-05-30,09:53,49,43,Knife,39.01214,105.395
1414,Fraud,Guangzhou,2024-05-30,09:54,22,33,Knife,31.46876,101.1417
1415,Vandalism,Guangzhou,2024-05-31,09:56,55,52,Knife,32.63674,110.6234
1416,Theft,Shenzhen,2024-05-31,09:57,27,37,Bat,28.96891,118.7321
1417,Burglary,Chongqing,2024-05-31,09:59,57,63,Knife,25.86422,100.7869
1418,Assault,Guangzhou,2024-06-01,10:00,63,20,Unknown,26.57329,102.4422
1419,Assault,Guangzhou,2024-06-01,10:02,41,18,None,33.45037,109.044
1420,Assault,Shanghai,2024-06-02,10:03,52,64,Bat,35.04749,118.6775
1421,Burglary,Beijing,2024-06-02,10:04,61,18,Knife,35.83158,106.3231
1422,Theft,Shenzhen,2024-06-02,10:06,65,34,None,35.79236,110.1447
1423,Burglary,Xi'an,2024-06-03,10:07,40,19,Gun,21.82412,100.8315
1424,Assault,Shenzhen,2024-06-03,10:09,34,46,Knife,29.88841,102.9669
1425,Vandalism,Shenzhen,2024-06-03,10:10,18,37,None,21.15118,119.7326
1426,Fraud,Xi'an,2024-06-04,10:12,48,23,Unknown,30.99058,119.3024
1427,Burglary,Shanghai,2024-06-04,10:13,48,25,Gun,28.83061,100.0988
1428,Burglary,Chongqing,2024-06-05,10:15,59,46,Unknown,37.75408,119.0362
1429,Theft,Wuhan,2024-06-05,10:16,59,65,None,27.0183,112.7824
1430,Theft,Guangzhou,2024-06-05,10:17,51,68,Unknown,22.34134,117.3584
1431,Burglary,Beijing,2024-06-06,10:19,26,50,None,22.85983,109.0948
1432,Assault,Chengdu,2024-06-06,10:20,39,20,None,35.23021,110.3119
1433,Fraud,Chongqing,2024-06-06,10:22,30,52,Unknown,32.36436,109.7769
1434,Theft,Xi'an,2024-06-07,10:23,42,22,None,22.02245,113.3373
1435,Assault,Wuhan,2024-06-07,10:25,65,44,Knife,21.68214,102.793
1436,Vandalism,Chongqing,2024-06-07,10:26,35,61,None,34.01938,100.5995
1437,Theft,Xi'an,2024-06-08,10:28,68,29,Bat,21.45526,106.1586
1438,Assault,Guangzhou,2024-06-08,10:29,29,37,None,36.4372,114.0936
1439,Assault,Shanghai,2024-06-09,10:30,57,62,Bat,34.12484,104.0371
1440,Fraud,Chongqing,2024-06-09,10:32,34,37,None,21.62698,113.4686
1441,Fraud,Xi'an,2024-06-09,10:33,32,26,None,21.69675,119.3982
1442,Vandalism,Guangzhou,2024-06-10,10:35,59,56,Unknown,39.73279,101.878
1443,Assault,Guangzhou,2024-06-10,10:36,32,21,Knife,27.48542,113.452
1444,Assault,Shanghai,2024-06-10,10:38,32,68,Knife,27.41284,108.875
1445,Fraud,Shenzhen,2024-06-11,10:39,56,36,Gun,36.25599,117.3628
1446,Theft,Chongqing,2024-06-11,10:40,30,55,Unknown,38.94497,103.543
1447,Theft,Chongqing,2024-06-11,10:42,34,44,Unknown,39.72002,113.8525
1448,Burglary,Shenzhen,2024-06-12,10:43,49,62,Knife,35.06756,116.7623
1449,Fraud,Beijing,2024-06-12,10:45,26,60,Unknown,27.52519,118.8923
1450,Burglary,Beijing,2024-06-13,10:46,57,30,Knife,21.67001,113.665
1451,Fraud,Shenzhen,2024-06-13,10:48,37,30,Unknown,35.54294,109.9435
1452,Vandalism,Wuhan,2024-06-13,10:49,43,39,None,31.16808,112.3569
1453,Assault,Chengdu,2024-06-14,10:51,44,45,Knife,28.48444,117.3781
1454,Vandalism,Guangzhou,2024-06-14,10:52,38,69,Knife,38.12709,111.4122
1455,Fraud,Chengdu,2024-06-14,10:53,35,64,Bat,22.22395,100.6077
1456,Assault,Guangzhou,2024-06-15,10:55,30,62,Unknown,29.8525,118.619
1457,Theft,Shenzhen,2024-06-15,10:56,33,39,Unknown,20.22707,113.7905
1458,Theft,Beijing,2024-06-15,10:58,26,60,Knife,29.37321,113.5303
1459,Burglary,Wuhan,2024-06-16,10:59,29,36,None,21.12607,104.3135
1460,Fraud,Beijing,2024-06-16,11:01,61,25,None,22.37636,113.1777
1461,Fraud,Chengdu,2024-06-17,11:02,55,69,None,22.35052,107.8773
1462,Theft,Beijing,2024-06-17,11:04,36,25,Unknown,32.98421,113.0247
1463,Vandalism,Shenzhen,2024-06-17,11:05,24,59,Bat,34.9209,102.1319
1464,Assault,Wuhan,2024-06-18,11:06,52,43,Knife,31.66738,113.1569
1465,Vandalism,Chengdu,2024-06-18,11:08,65,65,Gun,39.24345,119.9883
1466,Vandalism,Wuhan,2024-06-18,11:09,35,68,Bat,27.49741,100.9642
1467,Theft,Chongqing,2024-06-19,11:11,33,43,Gun,25.71424,119.5435
1468,Theft,Guangzhou,2024-06-19,11:12,56,40,Bat,37.37198,108.1382
1469,Theft,Beijing,2024-06-19,11:14,21,60,None,24.47192,117.4151
1470,Burglary,Wuhan,2024-06-20,11:15,42,30,Unknown,39.26445,115.6477
1471,Vandalism,Shanghai,2024-06-20,11:17,49,45,Gun,20.24309,111.3403
1472,Fraud,Chongqing,2024-06-21,11:18,57,26,Bat,39.39758,114.769
1473,Assault,Beijing,2024-06-21,11:19,30,37,Unknown,20.8632,117.5703
1474,Burglary,Guangzhou,2024-06-21,11:21,62,36,Gun,37.82286,108.0828
1475,Fraud,Wuhan,2024-06-22,11:22,34,65,Knife,30.55402,106.5407
1476,Vandalism,Chengdu,2024-06-22,11:24,66,56,Bat,39.8593,113.3519
1477,Theft,Guangzhou,2024-06-22,11:25,54,68,Knife,21.47593,116.1569
1478,Vandalism,Shanghai,2024-06-23,11:27,23,29,None,31.07709,115.2457
1479,Assault,Wuhan,2024-06-23,11:28,36,32,Knife,39.38605,115.9563
1480,Burglary,Xi'an,2024-06-24,11:29,30,48,Knife,30.46196,108.7117
1481,Burglary,Xi'an,2024-06-24,11:31,43,31,Bat,32.58797,116.3567
1482,Assault,Shenzhen,2024-06-24,11:32,31,28,None,33.91497,102.4042
1483,Fraud,Beijing,2024-06-25,11:34,48,43,Knife,29.09082,110.8898
1484,Fraud,Chengdu,2024-06-25,11:35,21,59,Unknown,32.55116,100.1152
1485,Burglary,Shenzhen,2024-06-25,11:37,56,44,Gun,31.68629,106.4917
1486,Burglary,Wuhan,2024-06-26,11:38,25,28,Knife,38.02316,107.3292
1487,Theft,Xi'an,2024-06-26,11:40,42,55,None,20.90893,107.9235
1488,Fraud,Xi'an,2024-06-26,11:41,30,51,Knife,25.61926,113.9093
1489,Assault,Xi'an,2024-06-27,11:42,49,60,Gun,39.00823,107.7712
1490,Fraud,Wuhan,2024-06-27,11:44,55,36,None,37.80528,108.9739
1491,Theft,Xi'an,2024-06-28,11:45,55,23,Bat,29.11314,104.7509
1492,Burglary,Guangzhou,2024-06-28,11:47,45,63,None,32.40265,107.465
1493,Burglary,Chongqing,2024-06-28,11:48,47,69,Bat,25.54762,104.5454
1494,Theft,Wuhan,2024-06-29,11:50,20,55,None,23.76242,101.4639
1495,Assault,Chengdu,2024-06-29,11:51,45,66,Gun,29.27397,112.069
1496,Burglary,Chongqing,2024-06-29,11:53,20,59,Gun,27.06704,113.3643
1497,Vandalism,Shenzhen,2024-06-30,11:54,62,45,None,31.67312,112.3898
1498,Burglary,Chengdu,2024-06-30,11:55,51,18,Knife,21.55469,109.2699
1499,Vandalism,Chongqing,2024-06-30,11:57,33,52,Gun,39.4879,107.5957
1500,Theft,Shanghai,2024-07-01,11:58,39,57,Bat,39.72421,117.2667
1501,Theft,Xi'an,2024-07-01,12:00,49,25,Bat,33.96323,110.3816
1502,Burglary,Shanghai,2024-07-02,12:01,55,69,Unknown,30.72193,109.5836
1503,Fraud,Beijing,2024-07-02,12:03,25,64,Bat,26.19055,100.5128
1504,Vandalism,Beijing,2024-07-02,12:04,25,24,Unknown,36.2759,106.825
1505,Assault,Chongqing,2024-07-03,12:05,23,28,None,33.69462,107.6039
1506,Burglary,Shanghai,2024-07-03,12:07,31,56,None,23.25234,107.9765
1507,Assault,Wuhan,2024-07-03,12:08,49,21,None,38.21854,111.6034
1508,Burglary,Chengdu,2024-07-04,12:10,52,42,Knife,36.45074,110.6721
1509,Fraud,Shanghai,2024-07-04,12:11,27,29,Knife,38.996,112.1581
1510,Fraud,Beijing,2024-07-04,12:13,20,43,Unknown,34.51439,115.2977
1511,Fraud,Shanghai,2024-07-05,12:14,29,55,Bat,32.2683,116.2597
1512,Fraud,Wuhan,2024-07-05,12:16,66,63,Bat,28.36486,114.3625
1513,Theft,Shanghai,2024-07-06,12:17,48,29,None,38.65457,119.1105
1514,Theft,Chengdu,2024-07-06,12:18,46,60,Gun,37.32128,100.3647
1515,Vandalism,Shenzhen,2024-07-06,12:20,22,68,Knife,20.90437,103.9156
1516,Assault,Wuhan,2024-07-07,12:21,69,54,Knife,20.52734,100.1513
1517,Burglary,Beijing,2024-07-07,12:23,42,63,None,27.52927,112.9495
1518,Burglary,Chengdu,2024-07-07,12:24,58,41,Knife,36.21107,117.9606
1519,Theft,Shanghai,2024-07-08,12:26,48,33,None,39.74552,104.8696
1520,Burglary,Shanghai,2024-07-08,12:27,38,30,Unknown,23.00834,118.5407
1521,Theft,Shenzhen,2024-07-08,12:29,37,42,Bat,31.88261,101.2053
1522,Vandalism,Beijing,2024-07-09,12:30,56,69,Gun,27.61782,118.6887
1523,Assault,Beijing,2024-07-09,12:31,39,21,Bat,39.39829,107.0325
1524,Vandalism,Guangzhou,2024-07-10,12:33,21,28,Bat,36.84238,102.0284
1525,Fraud,Beijing,2024-07-10,12:34,30,49,Unknown,36.76657,109.7174
1526,Fraud,Shenzhen,2024-07-10,12:36,62,66,Knife,29.37386,105.1355
1527,Fraud,Xi'an,2024-07-11,12:37,59,24,Gun,28.29639,105.6975
1528,Vandalism,Guangzhou,2024-07-11,12:39,67,63,Knife,25.46814,106.1458
1529,Burglary,Guangzhou,2024-07-11,12:40,66,28,Bat,21.12751,116.0605
1530,Assault,Shanghai,2024-07-12,12:41,37,45,None,37.29445,110.7832
1531,Fraud,Shanghai,2024-07-12,12:43,69,58,Bat,36.25802,106.2262
1532,Fraud,Beijing,2024-07-13,12:44,30,40,Knife,39.99435,112.2067
1533,Fraud,Guangzhou,2024-07-13,12:46,34,62,Bat,39.93274,114.323
1534,Assault,Chongqing,2024-07-13,12:47,53,40,None,31.10863,105.4525
1535,Fraud,Shanghai,2024-07-14,12:49,50,67,Unknown,35.37975,108.271
1536,Assault,Shenzhen,2024-07-14,12:50,18,45,Knife,38.89531,102.4377
1537,Fraud,Chongqing,2024-07-14,12:52,32,60,Bat,36.99295,103.623
1538,Vandalism,Shanghai,2024-07-15,12:53,30,64,Knife,24.94696,113.6224
1539,Vandalism,Wuhan,2024-07-15,12:54,34,43,Unknown,29.01088,103.6288
1540,Assault,Wuhan,2024-07-15,12:56,41,42,Bat,22.58319,110.5033
1541,Vandalism,Shanghai,2024-07-16,12:57,25,46,Bat,39.08102,114.1809
1542,Assault,Guangzhou,2024-07-16,12:59,67,36,Knife,32.12349,102.1375
1543,Vandalism,Xi'an,2024-07-17,13:00,44,50,Knife,24.57286,111.3462
1544,Vandalism,Xi'an,2024-07-17,13:02,62,53,None,33.43401,105.1313
1545,Assault,Guangzhou,2024-07-17,13:03,40,31,Unknown,32.36256,119.2585
1546,Burglary,Chengdu,2024-07-18,13:05,63,31,None,27.16325,109.6709
1547,Vandalism,Xi'an,2024-07-18,13:06,25,52,Bat,22.27115,116.1199
1548,Fraud,Wuhan,2024-07-18,13:07,25,47,Knife,33.43146,111.0045
1549,Burglary,Shenzhen,2024-07-19,13:09,43,45,Bat,30.40615,100.8683
1550,Assault,Guangzhou,2024-07-19,13:10,64,34,Bat,35.44637,112.663
1551,Burglary,Beijing,2024-07-19,13:12,30,20,Gun,30.40327,119.0281
1552,Theft,Wuhan,2024-07-20,13:13,56,33,Gun,37.04363,112.0322
1553,Theft,Shenzhen,2024-07-20,13:15,54,63,Bat,31.03814,116.3838
1554,Vandalism,Shenzhen,2024-07-21,13:16,66,47,Knife,31.21876,117.6841
1555,Vandalism,Guangzhou,2024-07-21,13:18,45,69,Bat,37.53307,104.5616
1556,Fraud,Shenzhen,2024-07-21,13:19,42,46,Gun,28.06966,104.2409
1557,Burglary,Guangzhou,2024-07-22,13:20,33,62,Knife,22.6803,112.2196
1558,Theft,Xi'an,2024-07-22,13:22,19,32,Bat,20.57565,108.2206
1559,Vandalism,Shanghai,2024-07-22,13:23,35,63,Unknown,35.10275,116.7972
1560,Burglary,Wuhan,2024-07-23,13:25,34,42,Unknown,32.40619,118.0005
1561,Vandalism,Chengdu,2024-07-23,13:26,47,68,Bat,34.0816,107.0684
1562,Vandalism,Shanghai,2024-07-23,13:28,56,55,Knife,24.25928,104.7374
1563,Theft,Wuhan,2024-07-24,13:29,30,59,Bat,22.72743,115.6105
1564,Theft,Guangzhou,2024-07-24,13:30,49,64,Bat,20.29089,105.4961
1565,Vandalism,Wuhan,2024-07-25,13:32,67,69,Gun,27.01175,116.4523
1566,Assault,Xi'an,2024-07-25,13:33,46,55,Unknown,31.79835,108.4748
1567,Vandalism,Guangzhou,2024-07-25,13:35,63,40,Gun,27.84488,113.351
1568,Vandalism,Shanghai,2024-07-26,13:36,47,42,Gun,28.7495,101.9107
1569,Fraud,Beijing,2024-07-26,13:38,35,59,Bat,38.08317,112.4772
1570,Fraud,Beijing,2024-07-26,13:39,30,24,Gun,26.96511,109.0354
1571,Fraud,Chongqing,2024-07-27,13:41,60,39,Unknown,30.27979,111.7322
1572,Assault,Chongqing,2024-07-27,13:42,38,34,Gun,35.67306,103.3603
1573,Assault,Wuhan,2024-07-27,13:43,47,35,Unknown,27.93086,114.7375
1574,Vandalism,Beijing,2024-07-28,13:45,38,66,Gun,32.44173,117.2559
1575,Fraud,Guangzhou,2024-07-28,13:46,65,58,Unknown,37.24727,104.3348
1576,Assault,Shenzhen,2024-07-29,13:48,34,27,Gun,38.99041,101.9143
1577,Theft,Guangzhou,2024-07-29,13:49,57,27,Gun,22.94147,100.4728
1578,Vandalism,Shenzhen,2024-07-29,13:51,36,24,Knife,38.53175,112.8394
1579,Burglary,Shanghai,2024-07-30,13:52,69,65,Unknown,29.84233,112.1419
1580,Vandalism,Chengdu,2024-07-30,13:54,32,67,Unknown,25.16489,110.9339
1581,Burglary,Shenzhen,2024-07-30,13:55,26,55,Unknown,29.18272,104.6389
1582,Fraud,Beijing,2024-07-31,13:56,69,44,None,39.60065,107.8181
1583,Burglary,Guangzhou,2024-07-31,13:58,27,69,Gun,29.85236,111.8895
1584,Fraud,Shanghai,2024-08-01,13:59,61,50,Unknown,26.57503,109.9353
1585,Theft,Beijing,2024-08-01,14:01,48,18,None,32.66802,119.7557
1586,Burglary,Shanghai,2024-08-01,14:02,40,61,Knife,24.80291,102.7288
1587,Vandalism,Chengdu,2024-08-02,14:04,69,51,Unknown,21.51727,113.9029
1588,Fraud,Xi'an,2024-08-02,14:05,47,21,Unknown,22.57759,108.0864
1589,Vandalism,Guangzhou,2024-08-02,14:06,50,34,None,22.56092,108.564
1590,Assault,Wuhan,2024-08-03,14:08,69,21,Gun,23.03805,114.352
1591,Fraud,Guangzhou,2024-08-03,14:09,26,60,Knife,22.77654,113.8487
1592,Burglary,Chongqing,2024-08-03,14:11,64,43,Unknown,32.81749,119.8251
1593,Fraud,Chengdu,2024-08-04,14:12,18,21,Gun,23.6376,102.5679
1594,Vandalism,Guangzhou,2024-08-04,14:14,61,18,Knife,26.91335,102.0822
1595,Theft,Chongqing,2024-08-05,14:15,52,24,Bat,37.93577,114.4868
1596,Fraud,Wuhan,2024-08-05,14:17,28,47,Bat,29.47923,111.5677
1597,Burglary,Shenzhen,2024-08-05,14:18,51,67,Knife,33.35115,105.4832
1598,Assault,Shanghai,2024-08-06,14:19,33,26,None,23.4464,101.5884
1599,Theft,Wuhan,2024-08-06,14:21,26,52,Knife,23.84578,101.7132
1600,Assault,Beijing,2024-08-06,14:22,49,25,Knife,20.81737,117.8838
1601,Fraud,Chengdu,2024-08-07,14:24,32,41,None,23.3787,103.8373
1602,Vandalism,Shenzhen,2024-08-07,14:25,29,36,None,25.57181,106.4674
1603,Vandalism,Beijing,2024-08-07,14:27,50,53,Gun,23.54021,104.5331
1604,Burglary,Beijing,2024-08-08,14:28,62,67,Gun,21.77405,107.0999
1605,Vandalism,Chengdu,2024-08-08,14:30,31,69,None,22.41272,101.3885
1606,Theft,Shenzhen,2024-08-09,14:31,25,60,Bat,29.21558,110.3812
1607,Vandalism,Xi'an,2024-08-09,14:32,25,44,Bat,24.12667,101.3523
1608,Burglary,Beijing,2024-08-09,14:34,44,49,Knife,27.2854,116.0071
1609,Fraud,Beijing,2024-08-10,14:35,29,31,Unknown,30.06835,104.6742
1610,Fraud,Shenzhen,2024-08-10,14:37,18,35,Knife,33.8079,110.8002
1611,Vandalism,Guangzhou,2024-08-10,14:38,60,45,Knife,20.78624,117.6016
1612,Assault,Beijing,2024-08-11,14:40,57,46,Unknown,35.98821,113.0175
1613,Fraud,Shanghai,2024-08-11,14:41,59,33,None,32.55801,110.6592
1614,Vandalism,Shenzhen,2024-08-11,14:42,68,52,Bat,21.63518,106.4867
1615,Burglary,Beijing,2024-08-12,14:44,28,64,Knife,37.47157,106.66
1616,Vandalism,Chengdu,2024-08-12,14:45,56,48,Unknown,38.41745,113.3897
1617,Fraud,Wuhan,2024-08-13,14:47,60,21,Gun,21.22156,119.8828
1618,Burglary,Shanghai,2024-08-13,14:48,48,54,Knife,25.53755,113.2368
1619,Vandalism,Chongqing,2024-08-13,14:50,34,34,Bat,36.12403,111.1557
1620,Theft,Chongqing,2024-08-14,14:51,50,56,None,34.96519,114.613
1621,Burglary,Wuhan,2024-08-14,14:53,49,65,Knife,23.69042,109.3041
1622,Theft,Chongqing,2024-08-14,14:54,46,63,Knife,24.18699,101.2028
1623,Assault,Wuhan,2024-08-15,14:55,38,43,Unknown,27.40944,111.2459
1624,Burglary,Beijing,2024-08-15,14:57,38,65,Gun,29.69046,119.1525
1625,Theft,Shanghai,2024-08-15,14:58,57,56,Gun,32.3651,103.5061
1626,Fraud,Shanghai,2024-08-16,15:00,40,58,None,27.37827,113.8001
1627,Fraud,Guangzhou,2024-08-16,15:01,23,21,Bat,29.25069,104.0187
1628,Assault,Wuhan,2024-08-17,15:03,39,47,None,34.94942,110.7166
1629,Burglary,Shanghai,2024-08-17,15:04,67,47,Knife,20.73366,101.9335
1630,Burglary,Guangzhou,2024-08-17,15:06,55,39,Knife,25.04874,109.0074
1631,Burglary,Shenzhen,2024-08-18,15:07,54,28,Gun,34.26699,115.1233
1632,Assault,Guangzhou,2024-08-18,15:08,62,19,Bat,37.90414,106.9514
1633,Burglary,Chengdu,2024-08-18,15:10,68,61,Unknown,30.23355,113.2982
1634,Fraud,Xi'an,2024-08-19,15:11,25,29,Bat,30.64227,115.909
1635,Theft,Beijing,2024-08-19,15:13,58,47,Knife,22.14344,118.5436
1636,Fraud,Shenzhen,2024-08-20,15:14,66,53,Unknown,28.94825,104.6928
1637,Fraud,Xi'an,2024-08-20,15:16,52,35,Bat,30.65235,107.9863
1638,Theft,Xi'an,2024-08-20,15:17,68,43,Bat,24.84941,103.0483
1639,Fraud,Shenzhen,2024-08-21,15:19,28,24,Unknown,25.38486,119.8497
1640,Assault,Chengdu,2024-08-21,15:20,41,18,Knife,27.54568,118.54
1641,Theft,Guangzhou,2024-08-21,15:21,66,43,Bat,20.40142,110.7991
1642,Fraud,Beijing,2024-08-22,15:23,38,40,Unknown,26.44158,116.8407
1643,Vandalism,Guangzhou,2024-08-22,15:24,68,43,Knife,24.22896,110.4192
1644,Fraud,Shanghai,2024-08-22,15:26,19,62,Unknown,26.54995,112.4717
1645,Assault,Guangzhou,2024-08-23,15:27,57,23,Unknown,22.39524,101.7825
1646,Burglary,Chongqing,2024-08-23,15:29,36,23,Bat,37.81055,115.1054
1647,Fraud,Shenzhen,2024-08-24,15:30,56,61,Knife,31.87185,102.5543
1648,Burglary,Beijing,2024-08-24,15:31,45,25,Bat,33.58205,116.5214
1649,Vandalism,Guangzhou,2024-08-24,15:33,34,41,None,35.78342,115.6406
1650,Fraud,Beijing,2024-08-25,15:34,23,39,None,29.96884,114.1749
1651,Theft,Beijing,2024-08-25,15:36,36,36,Knife,21.73841,100.7232
1652,Burglary,Shanghai,2024-08-25,15:37,55,54,Unknown,30.74213,106.0626
1653,Vandalism,Shanghai,2024-08-26,15:39,45,35,Bat,31.73682,105.2623
1654,Theft,Shenzhen,2024-08-26,15:40,19,48,Bat,34.90879,107.2027
1655,Theft,Chengdu,2024-08-26,15:42,55,54,Knife,28.63319,101.7529
1656,Theft,Chongqing,2024-08-27,15:43,54,47,Knife,22.55161,118.7392
1657,Theft,Xi'an,2024-08-27,15:44,68,59,None,25.67552,111.076
1658,Fraud,Beijing,2024-08-28,15:46,69,50,Gun,27.26165,106.1105
1659,Fraud,Chengdu,2024-08-28,15:47,21,27,Knife,32.91834,107.9396
1660,Fraud,Xi'an,2024-08-28,15:49,39,54,Gun,31.41557,108.9441
1661,Vandalism,Xi'an,2024-08-29,15:50,43,29,Knife,27.12193,112.0119
1662,Vandalism,Chongqing,2024-08-29,15:52,66,47,Unknown,39.7303,110.3136
1663,Vandalism,Shenzhen,2024-08-29,15:53,60,44,Unknown,32.1155,118.3878
1664,Assault,Xi'an,2024-08-30,15:55,53,56,None,24.74454,109.9393
1665,Vandalism,Chongqing,2024-08-30,15:56,30,26,None,22.03565,119.8432
1666,Fraud,Xi'an,2024-08-30,15:57,69,38,Gun,23.05718,117.0285
1667,Fraud,Beijing,2024-08-31,15:59,49,29,Knife,24.91915,104.1702
1668,Assault,Beijing,2024-08-31,16:00,34,46,Bat,23.21363,118.6119
1669,Assault,Wuhan,2024-09-01,16:02,58,50,None,23.73134,102.3273
1670,Vandalism,Chengdu,2024-09-01,16:03,53,60,Bat,25.7019,116.349
1671,Burglary,Guangzhou,2024-09-01,16:05,63,32,Bat,23.46747,107.6125
1672,Assault,Chongqing,2024-09-02,16:06,36,19,Knife,37.93531,117.5595
1673,Theft,Shanghai,2024-09-02,16:07,52,69,Gun,21.60467,117.3611
1674,Fraud,Chongqing,2024-09-02,16:09,63,56,Knife,30.49023,116.1185
1675,Theft,Guangzhou,2024-09-03,16:10,57,61,None,28.20794,115.8006
1676,Fraud,Chengdu,2024-09-03,16:12,45,35,Bat,39.64757,106.0936
1677,Fraud,Shanghai,2024-09-03,16:13,18,20,Knife,22.24078,101.6184
1678,Assault,Guangzhou,2024-09-04,16:15,59,24,Knife,27.95711,108.0596
1679,Assault,Wuhan,2024-09-04,16:16,35,60,Knife,39.38941,103.4705
1680,Theft,Shanghai,2024-09-05,16:18,65,35,None,37.31014,113.899
1681,Fraud,Beijing,2024-09-05,16:19,57,61,Gun,36.34144,106.922
1682,Theft,Guangzhou,2024-09-05,16:20,50,55,Knife,25.15806,119.5122
1683,Burglary,Chongqing,2024-09-06,16:22,29,54,None,23.41775,112.8194
1684,Theft,Shanghai,2024-09-06,16:23,25,50,Bat,33.37286,116.4496
1685,Vandalism,Wuhan,2024-09-06,16:25,41,61,Unknown,38.58752,102.6505
1686,Theft,Chongqing,2024-09-07,16:26,33,48,None,31.13526,117.2403
1687,Vandalism,Xi'an,2024-09-07,16:28,67,28,Unknown,31.43225,118.4551
1688,Vandalism,Shanghai,2024-09-08,16:29,21,21,Knife,25.59958,109.7412
1689,Vandalism,Shanghai,2024-09-08,16:31,55,35,Knife,35.38986,112.1251
1690,Burglary,Wuhan,2024-09-08,16:32,61,21,None,23.74087,115.2962
1691,Theft,Xi'an,2024-09-09,16:33,44,66,Unknown,26.47358,103.4968
1692,Theft,Guangzhou,2024-09-09,16:35,26,51,Knife,28.50873,110.0513
1693,Burglary,Shenzhen,2024-09-09,16:36,64,46,Bat,30.15221,107.9733
1694,Fraud,Guangzhou,2024-09-10,16:38,33,41,Gun,24.84819,102.9275
1695,Assault,Xi'an,2024-09-10,16:39,29,39,Gun,22.29674,107.3507
1696,Theft,Chengdu,2024-09-10,16:41,48,19,Knife,32.2124,101.3634
1697,Assault,Chongqing,2024-09-11,16:42,41,61,Unknown,25.77261,100.5162
1698,Burglary,Wuhan,2024-09-11,16:43,31,23,Knife,31.62476,102.7033
1699,Fraud,Guangzhou,2024-09-12,16:45,62,59,Unknown,23.08725,119.2623
1700,Fraud,Shanghai,2024-09-12,16:46,42,42,Bat,29.6228,110.9906
1701,Fraud,Wuhan,2024-09-12,16:48,51,38,Unknown,30.65179,119.3164
1702,Burglary,Beijing,2024-09-13,16:49,20,33,Knife,21.03647,108.65
1703,Vandalism,Xi'an,2024-09-13,16:51,41,48,Bat,26.73209,106.2363
1704,Vandalism,Chongqing,2024-09-13,16:52,59,31,None,22.68829,110.1228
1705,Assault,Guangzhou,2024-09-14,16:54,26,56,Gun,21.2675,108.7902
1706,Vandalism,Wuhan,2024-09-14,16:55,43,45,Knife,39.7992,102.1133
1707,Vandalism,Chongqing,2024-09-14,16:56,37,49,Knife,26.44708,112.8165
1708,Fraud,Guangzhou,2024-09-15,16:58,57,45,Knife,36.19749,104.3208
1709,Fraud,Wuhan,2024-09-15,16:59,27,68,Bat,25.09281,112.3918
1710,Assault,Shanghai,2024-09-16,17:01,36,66,None,33.63005,113.004
1711,Theft,Beijing,2024-09-16,17:02,20,26,Unknown,35.20456,103.0405
1712,Assault,Beijing,2024-09-16,17:04,41,62,None,31.91277,101.227
1713,Assault,Chengdu,2024-09-17,17:05,22,39,Bat,29.43152,115.6152
1714,Burglary,Wuhan,2024-09-17,17:07,20,49,Knife,28.23682,109.196
1715,Burglary,Guangzhou,2024-09-17,17:08,44,22,Gun,26.97737,101.1633
1716,Assault,Beijing,2024-09-18,17:09,33,40,Knife,38.59058,119.8973
1717,Assault,Xi'an,2024-09-18,17:11,66,22,Unknown,36.61239,101.1556
1718,Assault,Beijing,2024-09-18,17:12,32,59,Gun,39.30054,113.9007
1719,Vandalism,Shenzhen,2024-09-19,17:14,52,49,Knife,22.48594,119.6736
1720,Burglary,Shenzhen,2024-09-19,17:15,29,27,Gun,34.61735,104.7836
1721,Assault,Beijing,2024-09-20,17:17,58,56,None,38.76681,102.845
1722,Fraud,Wuhan,2024-09-20,17:18,61,32,Bat,23.62466,102.4277
1723,Fraud,Chengdu,2024-09-20,17:19,43,24,Knife,21.32993,106.0655
1724,Vandalism,Beijing,2024-09-21,17:21,64,46,Unknown,34.82241,102.0209
1725,Vandalism,Shanghai,2024-09-21,17:22,51,64,None,31.48946,113.8432
1726,Theft,Chongqing,2024-09-21,17:24,40,20,Knife,36.83658,101.2458
1727,Theft,Guangzhou,2024-09-22,17:25,48,36,None,22.79545,110.1884
1728,Theft,Chengdu,2024-09-22,17:27,67,27,Unknown,35.90535,119.9339
1729,Vandalism,Shanghai,2024-09-22,17:28,37,45,Knife,24.03255,116.2794
1730,Vandalism,Chengdu,2024-09-23,17:30,29,46,Unknown,23.27312,112.3044
1731,Vandalism,Shanghai,2024-09-23,17:31,40,32,Gun,23.28532,106.1251
1732,Fraud,Guangzhou,2024-09-24,17:32,21,52,Unknown,36.29149,112.4779
1733,Vandalism,Guangzhou,2024-09-24,17:34,40,23,Gun,33.30394,110.5408
1734,Fraud,Shenzhen,2024-09-24,17:35,65,29,Knife,30.46131,108.5217
1735,Theft,Wuhan,2024-09-25,17:37,65,64,Gun,27.17661,102.6142
1736,Theft,Shanghai,2024-09-25,17:38,18,55,Knife,37.54401,117.7321
1737,Theft,Chongqing,2024-09-25,17:40,42,30,Knife,27.8489,108.9957
1738,Assault,Shenzhen,2024-09-26,17:41,19,46,Bat,36.33199,103.8925
1739,Assault,Shanghai,2024-09-26,17:43,47,36,Knife,28.7827,107.3552
1740,Burglary,Shenzhen,2024-09-27,17:44,20,20,Gun,27.53889,108.2826
1741,Burglary,Guangzhou,2024-09-27,17:45,38,25,Bat,29.2536,116.5508
1742,Burglary,Chengdu,2024-09-27,17:47,42,25,Bat,26.02756,114.6723
1743,Assault,Xi'an,2024-09-28,17:48,37,37,Knife,34.95219,115.3861
1744,Assault,Shenzhen,2024-09-28,17:50,66,64,Unknown,30.05441,100.2206
1745,Burglary,Shanghai,2024-09-28,17:51,69,21,Unknown,24.64425,108.3231
1746,Burglary,Shanghai,2024-09-29,17:53,39,68,Bat,37.99149,109.6269
1747,Vandalism,Xi'an,2024-09-29,17:54,38,38,Knife,27.67782,100.3838
1748,Burglary,Wuhan,2024-09-29,17:56,50,20,Unknown,30.87106,105.1963
1749,Vandalism,Chongqing,2024-09-30,17:57,69,62,Knife,38.12944,115.2058
1750,Fraud,Guangzhou,2024-09-30,17:58,55,25,Knife,32.48476,102.7422
1751,Assault,Shanghai,2024-10-01,18:00,32,40,Bat,22.33796,110.7062
1752,Burglary,Beijing,2024-10-01,18:01,63,33,Bat,38.79664,104.304
1753,Assault,Chengdu,2024-10-01,18:03,69,30,None,32.55416,100.2424
1754,Assault,Shenzhen,2024-10-02,18:04,32,20,Unknown,26.69811,104.824
1755,Assault,Wuhan,2024-10-02,18:06,63,65,Unknown,22.78544,119.5175
1756,Fraud,Chongqing,2024-10-02,18:07,42,26,Unknown,35.8805,116.0307
1757,Theft,Xi'an,2024-10-03,18:08,38,31,Gun,32.40146,119.1915
1758,Burglary,Chengdu,2024-10-03,18:10,41,30,Knife,30.66922,109.7571
1759,Theft,Guangzhou,2024-10-03,18:11,22,24,Bat,37.87785,102.1947
1760,Theft,Wuhan,2024-10-04,18:13,23,32,Unknown,35.77194,110.9592
1761,Theft,Chongqing,2024-10-04,18:14,66,24,None,23.0335,109.0875
1762,Assault,Shenzhen,2024-10-05,18:16,60,55,Unknown,26.23444,116.8871
1763,Vandalism,Shenzhen,2024-10-05,18:17,65,51,Knife,24.96978,101.9617
1764,Assault,Xi'an,2024-10-05,18:19,61,58,Knife,34.87893,109.7648
1765,Assault,Beijing,2024-10-06,18:20,64,39,Bat,20.67065,103.001
1766,Theft,Xi'an,2024-10-06,18:21,40,41,Gun,31.39779,106.4935
1767,Assault,Guangzhou,2024-10-06,18:23,21,66,Bat,35.24917,114.7471
1768,Theft,Wuhan,2024-10-07,18:24,44,54,Unknown,37.53531,109.5204
1769,Vandalism,Wuhan,2024-10-07,18:26,35,61,None,26.84163,107.5178
1770,Burglary,Shanghai,2024-10-07,18:27,38,18,Bat,36.42515,107.8895
1771,Theft,Beijing,2024-10-08,18:29,45,27,Gun,22.21263,109.1889
1772,Vandalism,Beijing,2024-10-08,18:30,52,60,Bat,36.92905,115.7003
1773,Burglary,Wuhan,2024-10-09,18:32,39,33,Knife,22.54977,117.8417
1774,Fraud,Wuhan,2024-10-09,18:33,57,63,Unknown,27.94575,119.1067
1775,Theft,Chengdu,2024-10-09,18:34,40,25,Unknown,35.94591,115.7381
1776,Theft,Chongqing,2024-10-10,18:36,20,66,Unknown,22.99835,106.3081
1777,Fraud,Chengdu,2024-10-10,18:37,57,42,Unknown,24.58503,113.7627
1778,Fraud,Chengdu,2024-10-10,18:39,67,67,Unknown,34.44505,108.7521
1779,Theft,Beijing,2024-10-11,18:40,27,29,Unknown,34.40073,105.0934
1780,Fraud,Shanghai,2024-10-11,18:42,42,42,None,32.82295,116.8174
1781,Assault,Shenzhen,2024-10-11,18:43,69,34,Gun,33.87897,100.7685
1782,Burglary,Chengdu,2024-10-12,18:44,66,43,Unknown,30.85449,118.0352
1783,Burglary,Shanghai,2024-10-12,18:46,25,63,Gun,25.03598,109.2295
1784,Burglary,Xi'an,2024-10-13,18:47,28,65,Unknown,26.91392,112.744
1785,Assault,Guangzhou,2024-10-13,18:49,22,31,Bat,23.63195,113.1871
1786,Fraud,Chengdu,2024-10-13,18:50,62,58,Unknown,38.16901,117.9024
1787,Vandalism,Xi'an,2024-10-14,18:52,54,53,Knife,31.66784,112.7334
1788,Fraud,Shenzhen,2024-10-14,18:53,62,40,None,28.01703,112.2787
1789,Theft,Guangzhou,2024-10-14,18:55,55,60,Bat,29.24012,101.333
1790,Burglary,Guangzhou,2024-10-15,18:56,46,23,Bat,38.94567,110.3682
1791,Fraud,Shenzhen,2024-10-15,18:57,22,64,Knife,23.06703,103.0034
1792,Vandalism,Chengdu,2024-10-16,18:59,26,22,Unknown,31.7246,114.7487
1793,Theft,Beijing,2024-10-16,19:00,65,60,None,30.11777,110.2444
1794,Assault,Shenzhen,2024-10-16,19:02,19,42,Bat,32.22908,113.6046
1795,Assault,Shenzhen,2024-10-17,19:03,18,35,None,20.3622,100.8335
1796,Vandalism,Shenzhen,2024-10-17,19:05,57,30,Bat,37.44248,101.6958
1797,Theft,Guangzhou,2024-10-17,19:06,68,60,Unknown,38.64237,114.3265
1798,Burglary,Chongqing,2024-10-18,19:08,47,31,Bat,31.30266,101.4417
1799,Fraud,Shanghai,2024-10-18,19:09,28,45,Bat,33.93302,101.4251
1800,Theft,Xi'an,2024-10-18,19:10,45,35,Gun,38.44999,100.2422
1801,Assault,Beijing,2024-10-19,19:12,61,45,Unknown,34.14477,119.13
1802,Vandalism,Chengdu,2024-10-19,19:13,29,68,Knife,23.05078,114.7502
1803,Vandalism,Chengdu,2024-10-20,19:15,56,44,Knife,31.52577,107.065
1804,Fraud,Xi'an,2024-10-20,19:16,43,49,Unknown,32.1343,105.9307
1805,Vandalism,Shanghai,2024-10-20,19:18,30,64,Knife,28.48261,106.9941
1806,Vandalism,Shenzhen,2024-10-21,19:19,25,26,Unknown,34.72888,115.4931
1807,Theft,Chongqing,2024-10-21,19:20,45,57,Knife,38.68734,113.2274
1808,Burglary,Beijing,2024-10-21,19:22,47,49,Gun,38.51137,103.7039
1809,Fraud,Chengdu,2024-10-22,19:23,26,37,Knife,29.01679,103.4822
1810,Theft,Xi'an,2024-10-22,19:25,56,45,Bat,22.26476,101.9679
1811,Burglary,Wuhan,2024-10-22,19:26,48,50,Unknown,39.69682,113.2061
1812,Theft,Chongqing,2024-10-23,19:28,38,21,None,36.77796,115.2875
1813,Theft,Xi'an,2024-10-23,19:29,64,63,None,22.49325,105.3009
1814,Vandalism,Chongqing,2024-10-24,19:31,51,51,Unknown,38.41684,100.4189
1815,Burglary,Chengdu,2024-10-24,19:32,48,65,Gun,37.39793,101.6434
1816,Fraud,Shenzhen,2024-10-24,19:33,69,20,Knife,30.37676,119.3572
1817,Fraud,Wuhan,2024-10-25,19:35,42,43,Gun,31.82551,105.9089
1818,Burglary,Shanghai,2024-10-25,19:36,29,25,None,27.98005,115.3845
1819,Vandalism,Beijing,2024-10-25,19:38,18,23,Unknown,21.09523,112.4933
1820,Assault,Shanghai,2024-10-26,19:39,39,33,Unknown,26.70394,107.6388
1821,Theft,Shanghai,2024-10-26,19:41,57,41,Gun,36.05707,104.1137
1822,Vandalism,Xi'an,2024-10-26,19:42,54,65,Gun,20.09264,102.4277
1823,Burglary,Chongqing,2024-10-27,19:44,64,56,Knife,26.66998,112.3003
1824,Theft,Beijing,2024-10-27,19:45,18,47,Bat,27.96337,115.4927
1825,Fraud,Beijing,2024-10-28,19:46,18,62,Bat,30.74791,112.8781
1826,Assault,Chengdu,2024-10-28,19:48,59,30,Knife,38.39711,110.606
1827,Fraud,Chengdu,2024-10-28,19:49,59,22,Bat,26.92692,100.839
1828,Burglary,Beijing,2024-10-29,19:51,38,42,None,26.93906,119.3698
1829,Theft,Wuhan,2024-10-29,19:52,32,37,Bat,34.75002,115.9743
1830,Burglary,Guangzhou,2024-10-29,19:54,34,35,Knife,29.04436,105.8564
1831,Theft,Chengdu,2024-10-30,19:55,39,64,Bat,24.4921,119.5994
1832,Vandalism,Guangzhou,2024-10-30,19:57,55,35,Unknown,29.04879,112.0376
1833,Assault,Xi'an,2024-10-30,19:58,52,19,Gun,22.81714,111.6485
1834,Vandalism,Wuhan,2024-10-31,19:59,62,27,None,23.52774,114.9615
1835,Vandalism,Beijing,2024-10-31,20:01,33,62,Unknown,29.96736,116.2354
1836,Burglary,Wuhan,2024-11-01,20:02,25,67,Unknown,28.37851,113.1296
1837,Assault,Chengdu,2024-11-01,20:04,64,64,Knife,38.29692,102.5619
1838,Theft,Shanghai,2024-11-01,20:05,34,29,Gun,27.24788,106.7654
1839,Theft,Xi'an,2024-11-02,20:07,34,64,Gun,31.61177,118.5617
1840,Fraud,Beijing,2024-11-02,20:08,43,30,None,32.64529,104.4923
1841,Theft,Shenzhen,2024-11-02,20:09,30,67,Knife,20.26189,107.4433
1842,Burglary,Xi'an,2024-11-03,20:11,34,64,None,33.27075,108.6415
1843,Vandalism,Chongqing,2024-11-03,20:12,55,28,Bat,23.56072,108.7881
1844,Vandalism,Guangzhou,2024-11-04,20:14,34,36,Unknown,39.22141,112.2588
1845,Vandalism,Wuhan,2024-11-04,20:15,65,52,None,22.97325,118.8615
1846,Assault,Beijing,2024-11-04,20:17,31,56,Unknown,28.29248,104.8139
1847,Theft,Xi'an,2024-11-05,20:18,62,43,Knife,21.70699,102.43
1848,Burglary,Wuhan,2024-11-05,20:20,23,63,Bat,39.93749,103.9494
1849,Assault,Beijing,2024-11-05,20:21,52,31,Knife,30.0439,117.7385
1850,Fraud,Chengdu,2024-11-06,20:22,63,62,Bat,31.9077,112.9162
1851,Burglary,Xi'an,2024-11-06,20:24,31,61,Bat,21.34153,105.7181
1852,Burglary,Chengdu,2024-11-06,20:25,64,41,Unknown,34.99921,116.3189
1853,Burglary,Xi'an,2024-11-07,20:27,25,58,Knife,24.19811,117.2274
1854,Vandalism,Chengdu,2024-11-07,20:28,32,18,Knife,37.96109,116.9303
1855,Burglary,Chongqing,2024-11-08,20:30,44,68,None,24.10279,118.3785
1856,Theft,Wuhan,2024-11-08,20:31,30,60,Knife,23.81375,105.0448
1857,Burglary,Shenzhen,2024-11-08,20:33,66,39,None,20.73099,115.1008
1858,Vandalism,Xi'an,2024-11-09,20:34,48,40,Gun,29.44134,109.2108
1859,Burglary,Chongqing,2024-11-09,20:35,52,36,Gun,31.29682,116.84
1860,Fraud,Xi'an,2024-11-09,20:37,23,35,Gun,21.31417,114.5698
1861,Fraud,Chengdu,2024-11-10,20:38,22,29,Knife,35.51055,115.5289
1862,Vandalism,Beijing,2024-11-10,20:40,39,45,Knife,29.06578,113.1232
1863,Theft,Xi'an,2024-11-10,20:41,66,45,None,30.48781,103.5486
1864,Theft,Chongqing,2024-11-11,20:43,40,50,Bat,28.81525,110.9005
1865,Assault,Chengdu,2024-11-11,20:44,42,36,None,28.01526,119.6934
1866,Vandalism,Shanghai,2024-11-12,20:45,51,45,Gun,31.19281,118.7478
1867,Burglary,Chengdu,2024-11-12,20:47,43,69,None,23.1048,100.8635
1868,Vandalism,Wuhan,2024-11-12,20:48,64,66,Bat,23.63856,103.2963
1869,Assault,Shenzhen,2024-11-13,20:50,22,54,Knife,37.23571,102.6346
1870,Vandalism,Shanghai,2024-11-13,20:51,43,43,None,38.92231,114.5196
1871,Vandalism,Wuhan,2024-11-13,20:53,37,52,Gun,27.46619,116.3557
1872,Assault,Wuhan,2024-11-14,20:54,23,51,Gun,25.41489,104.2702
1873,Theft,Wuhan,2024-11-14,20:56,23,52,Knife,32.87999,110.1171
1874,Burglary,Beijing,2024-11-14,20:57,67,57,None,28.17468,116.8141
1875,Assault,Wuhan,2024-11-15,20:58,35,33,Bat,20.50773,114.656
1876,Fraud,Beijing,2024-11-15,21:00,21,55,Knife,23.12305,110.8447
1877,Theft,Wuhan,2024-11-16,21:01,34,30,None,34.31944,111.807
1878,Fraud,Guangzhou,2024-11-16,21:03,31,40,Unknown,33.17848,110.1672
1879,Theft,Chongqing,2024-11-16,21:04,31,39,Gun,20.54192,105.951
1880,Burglary,Shanghai,2024-11-17,21:06,30,33,Bat,24.43944,111.3004
1881,Burglary,Guangzhou,2024-11-17,21:07,24,45,Bat,24.6215,113.7777
1882,Vandalism,Wuhan,2024-11-17,21:09,61,65,Bat,33.43785,117.4665
1883,Fraud,Shanghai,2024-11-18,21:10,32,52,Gun,20.39421,112.7258
1884,Theft,Shanghai,2024-11-18,21:11,36,62,None,22.08217,115.2224
1885,Burglary,Xi'an,2024-11-18,21:13,60,63,Knife,35.99832,103.2014
1886,Assault,Shenzhen,2024-11-19,21:14,64,25,None,23.57089,109.2311
1887,Burglary,Guangzhou,2024-11-19,21:16,61,61,Knife,33.05492,100.1866
1888,Assault,Shenzhen,2024-11-20,21:17,52,39,Bat,24.76366,104.9336
1889,Theft,Shanghai,2024-11-20,21:19,34,38,None,21.98883,114.5292
1890,Burglary,Beijing,2024-11-20,21:20,52,43,Bat,24.86344,119.8362
1891,Burglary,Shanghai,2024-11-21,21:21,36,57,Unknown,34.44534,101.9836
1892,Theft,Shenzhen,2024-11-21,21:23,37,38,Bat,37.11393,108.0299
1893,Burglary,Guangzhou,2024-11-21,21:24,53,42,Bat,36.6044,116.0014
1894,Assault,Wuhan,2024-11-22,21:26,52,58,Knife,27.94367,104.0807
1895,Burglary,Xi'an,2024-11-22,21:27,49,18,Unknown,33.3617,111.1017
1896,Fraud,Xi'an,2024-11-23,21:29,65,23,Bat,24.09969,114.6614
1897,Vandalism,Xi'an,2024-11-23,21:30,61,40,Bat,25.86295,112.3197
1898,Assault,Wuhan,2024-11-23,21:32,57,68,Unknown,37.92672,103.7605
1899,Fraud,Xi'an,2024-11-24,21:33,41,40,Unknown,20.26004,107.1077
1900,Theft,Guangzhou,2024-11-24,21:34,34,60,None,21.71017,115.6758
1901,Assault,Wuhan,2024-11-24,21:36,24,60,Knife,24.15773,111.0845
1902,Vandalism,Xi'an,2024-11-25,21:37,60,40,Unknown,20.53064,100.1046
1903,Vandalism,Wuhan,2024-11-25,21:39,67,49,Unknown,23.62871,115.2198
1904,Theft,Shenzhen,2024-11-25,21:40,18,47,Gun,31.66083,100.7062
1905,Theft,Chongqing,2024-11-26,21:42,52,30,Unknown,28.42849,114.9147
1906,Assault,Chongqing,2024-11-26,21:43,49,60,Knife,37.85343,104.0496
1907,Burglary,Guangzhou,2024-11-27,21:45,53,35,Bat,36.34887,119.1615
1908,Theft,Chengdu,2024-11-27,21:46,30,40,Bat,26.83635,107.3588
1909,Burglary,Beijing,2024-11-27,21:47,23,32,Bat,25.18847,106.5386
1910,Fraud,Xi'an,2024-11-28,21:49,31,50,Bat,27.59385,102.9778
1911,Vandalism,Beijing,2024-11-28,21:50,54,38,Gun,31.8059,106.1121
1912,Burglary,Wuhan,2024-11-28,21:52,65,56,Unknown,25.36127,117.533
1913,Vandalism,Beijing,2024-11-29,21:53,32,40,Bat,32.48298,119.9267
1914,Burglary,Guangzhou,2024-11-29,21:55,64,44,None,28.18823,107.3662
1915,Fraud,Guangzhou,2024-11-29,21:56,21,62,Bat,31.04094,108.9722
1916,Theft,Shanghai,2024-11-30,21:58,57,61,Unknown,28.72253,114.4414
1917,Fraud,Chongqing,2024-11-30,21:59,33,35,Bat,25.88932,117.7239
1918,Theft,Xi'an,2024-12-01,22:00,45,41,Gun,38.96907,111.8609
1919,Theft,Shanghai,2024-12-01,22:02,33,68,Knife,35.27212,107.8305
1920,Vandalism,Beijing,2024-12-01,22:03,21,64,Knife,22.80226,108.2524
1921,Fraud,Chengdu,2024-12-02,22:05,62,57,Unknown,37.36936,113.9124
1922,Burglary,Shanghai,2024-12-02,22:06,43,68,Knife,29.74862,100.0644
1923,Fraud,Shanghai,2024-12-02,22:08,45,59,Knife,37.89104,112.3918
1924,Vandalism,Guangzhou,2024-12-03,22:09,49,24,None,35.99711,107.1099
1925,Theft,Chengdu,2024-12-03,22:10,62,67,Unknown,28.50427,115.8839
1926,Vandalism,Wuhan,2024-12-03,22:12,19,65,Unknown,20.44939,101.8598
1927,Assault,Beijing,2024-12-04,22:13,48,37,Knife,25.37355,111.764
1928,Assault,Shanghai,2024-12-04,22:15,20,44,Knife,30.83268,109.6195
1929,Burglary,Chengdu,2024-12-05,22:16,25,23,Knife,32.66956,112.8465
1930,Vandalism,Chongqing,2024-12-05,22:18,41,44,Gun,25.15775,101.2971
1931,Burglary,Xi'an,2024-12-05,22:19,32,26,Bat,22.78712,111.5997
1932,Burglary,Chengdu,2024-12-06,22:21,60,62,Gun,36.6986,111.2297
1933,Assault,Chongqing,2024-12-06,22:22,48,48,Unknown,39.68804,111.2132
1934,Burglary,Beijing,2024-12-06,22:23,26,38,None,30.5138,112.0698
1935,Assault,Chengdu,2024-12-07,22:25,56,43,Bat,23.43359,113.5294
1936,Theft,Chongqing,2024-12-07,22:26,62,57,None,25.44615,116.0998
1937,Vandalism,Chengdu,2024-12-07,22:28,19,65,Unknown,20.36781,105.3964
1938,Burglary,Chengdu,2024-12-08,22:29,25,62,Unknown,38.28598,116.501
1939,Assault,Xi'an,2024-12-08,22:31,24,30,None,22.35502,109.9651
1940,Fraud,Chongqing,2024-12-09,22:32,61,66,None,31.53033,101.5412
1941,Burglary,Chongqing,2024-12-09,22:34,68,40,None,25.4811,101.171
1942,Theft,Shanghai,2024-12-09,22:35,56,37,Unknown,31.08356,106.6848
1943,Theft,Beijing,2024-12-10,22:36,59,54,Knife,33.02841,115.6979
1944,Fraud,Xi'an,2024-12-10,22:38,33,45,None,36.59484,114.1536
1945,Assault,Chengdu,2024-12-10,22:39,52,34,Bat,24.12843,115.7723
1946,Burglary,Chengdu,2024-12-11,22:41,47,45,Unknown,20.21992,110.3454
1947,Assault,Shanghai,2024-12-11,22:42,27,58,Gun,22.73771,108.804
1948,Theft,Beijing,2024-12-12,22:44,55,19,Gun,38.00037,102.9491
1949,Assault,Guangzhou,2024-12-12,22:45,35,42,Bat,37.4778,106.5639
1950,Theft,Xi'an,2024-12-12,22:46,67,67,Knife,31.94826,108.6804
1951,Assault,Shanghai,2024-12-13,22:48,22,58,None,32.01034,101.772
1952,Fraud,Beijing,2024-12-13,22:49,46,23,Unknown,33.30073,104.4122
1953,Vandalism,Xi'an,2024-12-13,22:51,56,28,None,23.50743,111.9645
1954,Fraud,Chengdu,2024-12-14,22:52,51,55,Unknown,38.28824,114.7133
1955,Fraud,Beijing,2024-12-14,22:54,60,23,Gun,28.37541,119.967
1956,Vandalism,Beijing,2024-12-14,22:55,62,62,None,27.66277,118.6623
1957,Vandalism,Wuhan,2024-12-15,22:57,40,28,Bat,30.37835,112.8513
1958,Burglary,Beijing,2024-12-15,22:58,22,31,Knife,20.93932,108.425
1959,Burglary,Guangzhou,2024-12-16,22:59,47,19,Bat,23.32567,112.7235
1960,Fraud,Beijing,2024-12-16,23:01,23,57,Knife,34.76067,115.713
1961,Fraud,Guangzhou,2024-12-16,23:02,63,20,None,21.65597,102.3667
1962,Theft,Chengdu,2024-12-17,23:04,61,52,None,32.06304,108.1981
1963,Theft,Guangzhou,2024-12-17,23:05,21,50,Knife,24.90698,116.796
1964,Burglary,Xi'an,2024-12-17,23:07,46,41,Gun,27.78591,107.6767
1965,Burglary,Chengdu,2024-12-18,23:08,40,36,Unknown,25.77387,111.4374
1966,Theft,Chengdu,2024-12-18,23:10,23,35,Bat,27.11345,111.7554
1967,Theft,Guangzhou,2024-12-18,23:11,49,66,Bat,34.38092,103.6895
1968,Assault,Chongqing,2024-12-19,23:12,59,69,Bat,25.94243,107.2447
1969,Assault,Shanghai,2024-12-19,23:14,35,41,None,31.32809,106.6902
1970,Theft,Shenzhen,2024-12-20,23:15,32,62,Bat,29.52101,100.5239
1971,Assault,Chongqing,2024-12-20,23:17,57,52,Unknown,33.27342,100.4838
1972,Vandalism,Beijing,2024-12-20,23:18,49,18,Unknown,38.73659,116.6339
1973,Burglary,Wuhan,2024-12-21,23:20,26,53,Knife,34.65144,105.4614
1974,Burglary,Shenzhen,2024-12-21,23:21,54,42,None,24.29881,110.3616
1975,Theft,Beijing,2024-12-21,23:22,27,62,Unknown,20.62366,105.9745
1976,Fraud,Chongqing,2024-12-22,23:24,37,66,Gun,25.24528,118.8136
1977,Theft,Chongqing,2024-12-22,23:25,23,60,None,31.90156,105.1859
1978,Assault,Beijing,2024-12-22,23:27,65,51,None,21.02852,108.5931
1979,Fraud,Chengdu,2024-12-23,23:28,20,42,Unknown,29.92732,117.4546
1980,Assault,Beijing,2024-12-23,23:30,59,33,Gun,31.93686,116.8387
1981,Vandalism,Wuhan,2024-12-24,23:31,28,51,Knife,26.68488,103.722
1982,Assault,Chongqing,2024-12-24,23:33,60,46,Unknown,35.41824,116.0529
1983,Vandalism,Beijing,2024-12-24,23:34,34,36,Gun,22.13197,109.1637
1984,Vandalism,Guangzhou,2024-12-25,23:35,49,40,None,21.50276,109.6594
1985,Assault,Shenzhen,2024-12-25,23:37,21,36,Gun,34.56378,102.6696
1986,Assault,Guangzhou,2024-12-25,23:38,21,42,None,29.90983,101.612
1987,Vandalism,Wuhan,2024-12-26,23:40,34,33,Unknown,33.76805,114.5588
1988,Fraud,Beijing,2024-12-26,23:41,58,68,Unknown,28.69655,109.9292
1989,Vandalism,Xi'an,2024-12-26,23:43,36,26,Bat,24.92804,108.737
1990,Burglary,Wuhan,2024-12-27,23:44,22,18,Bat,36.38205,114.5902
1991,Vandalism,Chengdu,2024-12-27,23:46,49,59,Bat,35.98832,115.3103
1992,Fraud,Guangzhou,2024-12-28,23:47,39,36,Unknown,33.89393,103.1782
1993,Burglary,Guangzhou,2024-12-28,23:48,23,50,Knife,25.4429,112.2045
1994,Theft,Shanghai,2024-12-28,23:50,52,51,Unknown,31.80461,102.7071
1995,Theft,Beijing,2024-12-29,23:51,39,33,Gun,27.21948,115.0275
1996,Fraud,Chengdu,2024-12-29,23:53,18,61,Unknown,21.83164,113.1391
1997,Vandalism,Xi'an,2024-12-29,23:54,37,57,Unknown,38.34627,119.1323
1998,Assault,Guangzhou,2024-12-30,23:56,39,35,None,22.73637,101.3792
1999,Fraud,Guangzhou,2024-12-30,23:57,65,51,None,39.00475,101.1411
2000,Burglary,Chengdu,2024-12-31,23:59,28,42,None,28.92012,105.6437
